Day,CaptureBlock_ID,SB_ID,Setup_Start_LST,Observation_Start_LST,Observation_End_LST,Band,Night_only,Visibility_window
1,20250404083313,DelayCal,0.0,0.0,0.25,u,No,
1,20250404083313,20250108121135,0.0,0.25,2.0258333333333334,u,No,0.00-6.33
1,20250404103446,DelayCal,2.0258333333333334,2.0258333333333334,2.2758333333333334,u,No,
1,20250404103446,20250108121135,2.0258333333333334,2.2758333333333334,4.051666666666667,u,No,0.00-6.33
1,20250404123619,DelayCal,4.051666666666667,4.051666666666667,4.301666666666667,u,No,
1,20250404123619,20250108121135,4.051666666666667,4.301666666666667,6.077500000000001,u,No,0.00-6.33
1,20250404143752,DelayCal,6.077500000000001,6.077500000000001,6.327500000000001,u,No,
1,20250404143752,20250108121135,6.077500000000001,6.327500000000001,8.103333333333333,u,No,0.00-6.33
1,20250404163925,DelayCal,8.103333333333333,8.103333333333333,8.353333333333333,l,No,
1,20250404163925,20241204050050,8.103333333333333,8.353333333333333,9.342777777777778,l,No,0.17-11.25
1,20250404175347,DelayCal,9.342777777777778,9.342777777777778,9.592777777777778,l,No,
1,20250404175347,20241204050050,9.342777777777778,9.592777777777778,10.582222222222223,l,No,0.17-11.25
1,20250404190809,DelayCal,10.582222222222223,10.582222222222223,10.832222222222223,l,No,
1,20250404190809,20241204050050,10.582222222222223,10.832222222222223,11.821666666666667,l,No,0.17-11.25
1,20250404202231,DelayCal,11.821666666666667,11.821666666666667,12.071666666666667,l,No,
1,20250404202231,20241203234118,11.821666666666667,12.071666666666667,13.054722222222223,l,No,0.50-12.17
1,20250404213630,DelayCal,13.054722222222223,13.054722222222223,13.304722222222223,l,No,
1,20250404213630,20250303131128,13.054722222222223,13.304722222222223,19.46388888888889,l,No,1.50-14.50
1,20250405040103,DelayCal,19.46388888888889,19.46388888888889,19.71388888888889,l,No,
1,20250405040103,20241203212334,19.46388888888889,19.71388888888889,20.701666666666668,l,No,11.58-19.75
1,20250405051519,DelayCal,20.701666666666668,20.701666666666668,20.951666666666668,u,No,
1,20250405051519,20250130234420,20.701666666666668,20.951666666666668,21.991666666666667,u,No,12.00-22.00
1,20250405063243,DelayCal,21.991666666666667,21.991666666666667,22.241666666666667,l,No,
1,20250405063243,20241203232000,21.991666666666667,22.241666666666667,23.204444444444444,l,No,13.00-2.00
1,20250405074529,DelayCal,23.204444444444444,23.204444444444444,23.454444444444444,l,No,
1,20250405074529,20241203232000,23.204444444444444,23.454444444444444,23.999999999999996,l,No,13.00-2.00
2,20250406083313,DelayCal,23.999999999999996,23.999999999999996,0.24999999999999645,l,No,
2,20250406083313,20250108111036,23.999999999999996,0.24999999999999645,2.0980555555555505,l,No,0.00-6.33
2,20250405103906,DelayCal,2.0980555555555505,2.0980555555555505,2.3480555555555505,l,No,
2,20250405103906,20250108111036,2.0980555555555505,2.3480555555555505,4.196111111111106,l,No,0.00-6.33
2,20250405124459,DelayCal,4.196111111111106,4.196111111111106,4.446111111111106,l,No,
2,20250405124459,20250108111036,4.196111111111106,4.446111111111106,6.294166666666662,l,No,0.00-6.33
2,20250405145052,DelayCal,6.294166666666662,6.294166666666662,6.544166666666662,l,No,
2,20250405145052,20241203203848,6.294166666666662,6.544166666666662,7.525277777777773,l,No,0.75-10.58
2,20250405160444,DelayCal,7.525277777777773,7.525277777777773,7.775277777777773,l,No,
2,20250405160444,20241203203848,7.525277777777773,7.775277777777773,8.756388888888884,l,No,0.75-10.58
2,20250405171836,DelayCal,8.756388888888884,8.756388888888884,9.006388888888884,l,No,
2,20250405171836,20241203203848,8.756388888888884,9.006388888888884,9.987499999999995,l,No,0.75-10.58
2,20250405183228,DelayCal,9.987499999999995,9.987499999999995,10.237499999999995,l,No,
2,20250405183228,20241203203848,9.987499999999995,10.237499999999995,11.218611111111107,l,No,0.75-10.58
2,20250405194620,DelayCal,11.218611111111107,11.218611111111107,11.468611111111107,l,No,
2,20250405194620,20241203231125,11.218611111111107,11.468611111111107,12.445277777777774,l,No,1.00-12.17
2,20250405205956,DelayCal,12.445277777777774,12.445277777777774,12.695277777777774,l,No,
2,20250405205956,20240708141151,12.445277777777774,12.695277777777774,16.766666666666662,l,No,6.75-13.50
2,20250406011913,DelayCal,16.766666666666662,16.766666666666662,17.016666666666662,l,No,
2,20250406011913,20241203221049,16.766666666666662,17.016666666666662,17.98944444444444,l,No,11.67-20.67
2,20250406023235,DelayCal,17.98944444444444,17.98944444444444,18.23944444444444,l,No,
2,20250406023235,20241203221049,17.98944444444444,18.23944444444444,19.21222222222222,l,No,11.67-20.67
2,20250406034557,DelayCal,19.21222222222222,19.21222222222222,19.46222222222222,l,No,
2,20250406034557,20241203221049,19.21222222222222,19.46222222222222,20.435,l,No,11.67-20.67
2,20250406045919,DelayCal,20.435,20.435,20.685,u,No,
2,20250406045919,20250130233548,20.435,20.685,21.721666666666664,u,No,12.00-22.00
2,20250406061631,DelayCal,21.721666666666664,21.721666666666664,21.971666666666664,u,No,
2,20250406061631,20250130233548,21.721666666666664,21.971666666666664,23.00833333333333,u,No,12.00-22.00
2,20250406073343,DelayCal,23.00833333333333,23.00833333333333,23.25833333333333,l,No,
2,20250406073343,20250123165119,23.00833333333333,23.25833333333333,0.0,l,No,14.00-0.33
3,20250406083313,DelayCal,0.0,0.0,0.25,l,No,
3,20250406083313,20241203211212,0.0,0.25,4.181388888888889,l,No,0.25-1.25
3,20250406124406,DelayCal,4.181388888888889,4.181388888888889,4.431388888888889,l,No,
3,20250406124406,20250116173308,4.181388888888889,4.431388888888889,9.930833333333332,l,No,0.50-6.00
3,20250406182904,DelayCal,9.930833333333332,9.930833333333332,10.180833333333332,l,No,
3,20250406182904,20241204054601,9.930833333333332,10.180833333333332,11.149722222222222,l,No,0.75-11.00
3,20250406194212,DelayCal,11.149722222222222,11.149722222222222,11.399722222222222,l,No,
3,20250406194212,20241204045427,11.149722222222222,11.399722222222222,12.38111111111111,l,No,1.58-12.25
3,20250406205605,DelayCal,12.38111111111111,12.38111111111111,12.63111111111111,l,No,
3,20250406205605,20250129031402,12.38111111111111,12.63111111111111,16.71527777777778,l,No,6.75-13.50
3,20250407011608,DelayCal,16.71527777777778,16.71527777777778,16.96527777777778,l,No,
3,20250407011608,20241203220043,16.71527777777778,16.96527777777778,17.94138888888889,l,No,11.67-19.50
3,20250407022942,DelayCal,17.94138888888889,17.94138888888889,18.19138888888889,l,No,
3,20250407022942,20241203220043,17.94138888888889,18.19138888888889,19.167500000000004,l,No,11.67-19.50
3,20250407034316,DelayCal,19.167500000000004,19.167500000000004,19.417500000000004,l,No,
3,20250407034316,20241203220043,19.167500000000004,19.417500000000004,20.393611111111117,l,No,11.67-19.50
3,20250407045650,DelayCal,20.393611111111117,20.393611111111117,20.643611111111117,l,No,
3,20250407045650,20250130233556,20.393611111111117,20.643611111111117,21.678888888888896,l,No,12.50-22.00
3,20250407061357,DelayCal,21.678888888888896,21.678888888888896,21.928888888888896,l,No,
3,20250407061357,20250130233556,21.678888888888896,21.928888888888896,22.964166666666674,l,No,12.50-22.00
3,20250407073104,DelayCal,22.964166666666674,22.964166666666674,23.214166666666674,l,No,
3,20250407073104,20241204045619,22.964166666666674,23.214166666666674,7.105427357601002e-15,l,No,14.67-1.42
4,20250407083313,DelayCal,7.105427357601002e-15,7.105427357601002e-15,0.2500000000000071,l,No,
4,20250407083313,20250123165119,7.105427357601002e-15,0.2500000000000071,1.4100000000000048,l,No,0.00-0.33
4,20250407095749,DelayCal,1.4100000000000048,1.4100000000000048,1.6600000000000048,l,No,
4,20250407095749,20250206220347,1.4100000000000048,1.6600000000000048,5.304722222222227,l,No,0.60-3.75
4,20250407135130,DelayCal,5.304722222222227,5.304722222222227,5.554722222222227,l,No,
4,20250407135130,20241204051056,5.304722222222227,5.554722222222227,6.539166666666672,l,No,0.83-9.67
4,20250407150534,DelayCal,6.539166666666672,6.539166666666672,6.789166666666672,l,No,
4,20250407150534,20241204051056,6.539166666666672,6.789166666666672,7.773611111111117,l,No,0.83-9.67
4,20250407161938,DelayCal,7.773611111111117,7.773611111111117,8.023611111111116,l,No,
4,20250407161938,20241204051056,7.773611111111117,8.023611111111116,9.00805555555556,l,No,0.83-9.67
4,20250407173342,DelayCal,9.00805555555556,9.00805555555556,9.25805555555556,l,No,
4,20250407173342,20241204051056,9.00805555555556,9.25805555555556,10.242500000000003,l,No,0.83-9.67
4,20250407184746,DelayCal,10.242500000000003,10.242500000000003,10.492500000000003,l,No,
4,20250407184746,20241209205604,10.242500000000003,10.492500000000003,11.52416666666667,l,No,2.17-11.50
4,20250407200440,DelayCal,11.52416666666667,11.52416666666667,11.77416666666667,l,No,
4,20250407200440,20241204043403,11.52416666666667,11.77416666666667,12.755555555555558,l,No,3.00-12.17
4,20250407211833,DelayCal,12.755555555555558,12.755555555555558,13.005555555555558,l,No,
4,20250407211833,20241125090318,12.755555555555558,13.005555555555558,17.088333333333335,l,No,6.75-13.50
4,20250408013831,DelayCal,17.088333333333335,17.088333333333335,17.338333333333335,l,No,
4,20250408013831,20241203233108,17.088333333333335,17.338333333333335,18.320833333333336,l,No,11.68-19.92
4,20250408025228,DelayCal,18.320833333333336,18.320833333333336,18.570833333333336,l,No,
4,20250408025228,20241203233108,18.320833333333336,18.570833333333336,19.553333333333338,l,No,11.68-19.92
4,20250408040625,DelayCal,19.553333333333338,19.553333333333338,19.803333333333338,l,No,
4,20250408040625,20241203233108,19.553333333333338,19.803333333333338,20.78583333333334,l,No,11.68-19.92
4,20250408052022,DelayCal,20.78583333333334,20.78583333333334,21.03583333333334,s,No,
4,20250408052022,20250130234331,20.78583333333334,21.03583333333334,22.075000000000006,s,No,12.50-22.00
4,20250408063743,DelayCal,22.075000000000006,22.075000000000006,22.325000000000006,l,No,
4,20250408063743,20250123182908,22.075000000000006,22.325000000000006,1.0658141036401503e-14,l,No,15.00-23.83
5,20250408083313,DelayCal,1.0658141036401503e-14,1.0658141036401503e-14,0.25000000000001066,l,No,
5,20250408083313,20250123182908,1.0658141036401503e-14,0.25000000000001066,6.066388888888895,l,No,0.00-23.83
5,20250408143712,DelayCal,6.066388888888895,6.066388888888895,6.316388888888895,l,No,
5,20250408143712,20250225154720,6.066388888888895,6.316388888888895,11.741111111111117,l,No,1.58-7.00
5,20250408201741,DelayCal,11.741111111111117,11.741111111111117,11.991111111111117,l,No,
5,20250408201741,20241204053425,11.741111111111117,11.991111111111117,12.96444444444445,l,No,3.00-12.00
5,20250408213105,DelayCal,12.96444444444445,12.96444444444445,13.21444444444445,l,No,
5,20250408213105,20241202070404,12.96444444444445,13.21444444444445,14.218333333333339,l,No,10.48-16.35
5,20250408224619,DelayCal,14.218333333333339,14.218333333333339,14.468333333333339,l,No,
5,20250408224619,20241202070404,14.218333333333339,14.468333333333339,15.472222222222229,l,No,10.48-16.35
5,20250409000133,DelayCal,15.472222222222229,15.472222222222229,15.722222222222229,l,No,
5,20250409000133,20241202070404,15.472222222222229,15.722222222222229,16.726111111111116,l,No,10.48-16.35
5,20250409011647,DelayCal,16.726111111111116,16.726111111111116,16.976111111111116,l,No,
5,20250409011647,20241204052907,16.726111111111116,16.976111111111116,17.954722222222227,l,No,11.75-18.83
5,20250409023030,DelayCal,17.954722222222227,17.954722222222227,18.204722222222227,l,No,
5,20250409023030,20241204052907,17.954722222222227,18.204722222222227,19.183333333333337,l,No,11.75-18.83
5,20250409034413,DelayCal,19.183333333333337,19.183333333333337,19.433333333333337,l,No,
5,20250409034413,20241204051444,19.183333333333337,19.433333333333337,20.408888888888892,l,No,11.83-20.00
5,20250409045745,DelayCal,20.408888888888892,20.408888888888892,20.658888888888892,l,No,
5,20250409045745,20250130234625,20.408888888888892,20.658888888888892,21.693888888888893,l,No,12.50-22.00
5,20250409061451,DelayCal,21.693888888888893,21.693888888888893,21.943888888888893,l,No,
5,20250409061451,20250130234625,21.693888888888893,21.943888888888893,22.978888888888893,l,No,12.50-22.00
5,20250409073157,DelayCal,22.978888888888893,22.978888888888893,23.228888888888893,l,No,
5,20250409073157,20250123182908,22.978888888888893,23.228888888888893,7.105427357601002e-15,l,No,0.00-23.83
6,20250409083313,DelayCal,7.105427357601002e-15,7.105427357601002e-15,0.2500000000000071,u,No,
6,20250409083313,20250302215322,7.105427357601002e-15,0.2500000000000071,1.5394444444444515,u,No,19.00-2.00
6,20250409100535,DelayCal,1.5394444444444515,1.5394444444444515,1.7894444444444515,l,No,
6,20250409100535,20241120212805,1.5394444444444515,1.7894444444444515,4.748055555555563,l,No,0.78-5.08
6,20250409131806,DelayCal,4.748055555555563,4.748055555555563,4.998055555555563,l,No,
6,20250409131806,20241120212805,4.748055555555563,4.998055555555563,7.956666666666674,l,No,0.78-5.08
6,20250409163037,DelayCal,7.956666666666674,7.956666666666674,8.206666666666674,l,No,
6,20250409163037,20241203205410,7.956666666666674,8.206666666666674,9.190555555555562,l,No,2.22-11.42
6,20250409174439,DelayCal,9.190555555555562,9.190555555555562,9.440555555555562,l,No,
6,20250409174439,20241203205410,9.190555555555562,9.440555555555562,10.42444444444445,l,No,2.22-11.42
6,20250409185841,DelayCal,10.42444444444445,10.42444444444445,10.67444444444445,l,No,
6,20250409185841,20241203205410,10.42444444444445,10.67444444444445,11.658333333333339,l,No,2.22-11.42
6,20250409201243,DelayCal,11.658333333333339,11.658333333333339,11.908333333333339,l,No,
6,20250409201243,20241204055157,11.658333333333339,11.908333333333339,12.90805555555556,l,No,5.08-12.17
6,20250409212742,DelayCal,12.90805555555556,12.90805555555556,13.15805555555556,l,No,
6,20250409212742,20250206212710,12.90805555555556,13.15805555555556,16.118611111111115,l,No,10.50-16.25
6,20250410004020,DelayCal,16.118611111111115,16.118611111111115,16.368611111111115,s,No,
6,20250410004020,20250307141547,16.118611111111115,16.368611111111115,17.40666666666667,s,No,12.00-19.00
6,20250410015737,DelayCal,17.40666666666667,17.40666666666667,17.65666666666667,s,No,
6,20250410015737,20250307141547,17.40666666666667,17.65666666666667,18.694722222222225,s,No,12.00-19.00
6,20250410031454,DelayCal,18.694722222222225,18.694722222222225,18.944722222222225,s,No,
6,20250410031454,20250307141547,18.694722222222225,18.944722222222225,19.98277777777778,s,No,12.00-19.00
6,20250410043211,DelayCal,19.98277777777778,19.98277777777778,20.23277777777778,s,No,
6,20250410043211,20250130234709,19.98277777777778,20.23277777777778,21.266944444444448,s,No,12.50-22.00
6,20250410054914,DelayCal,21.266944444444448,21.266944444444448,21.516944444444448,s,No,
6,20250410054914,20250130234709,21.266944444444448,21.516944444444448,22.551111111111116,s,No,12.50-22.00
6,20250410070617,DelayCal,22.551111111111116,22.551111111111116,22.801111111111116,l,No,
6,20250410070617,20250217144205,22.551111111111116,22.801111111111116,7.105427357601002e-15,l,No,16.75-23.00
7,20250410083313,DelayCal,7.105427357601002e-15,7.105427357601002e-15,0.2500000000000071,l,No,
7,20250410083313,20250217144205,7.105427357601002e-15,0.2500000000000071,3.747500000000003,l,No,0.00-23.00
7,20250410121804,DelayCal,3.747500000000003,3.747500000000003,3.997500000000003,s,No,
7,20250410121804,20250212222826,3.747500000000003,3.997500000000003,8.797777777777782,s,No,1.50-6.25
7,20250410172105,DelayCal,8.797777777777782,8.797777777777782,9.047777777777782,l,No,
7,20250410172105,20241204042031,8.797777777777782,9.047777777777782,10.02166666666667,l,No,2.25-11.42
7,20250410183431,DelayCal,10.02166666666667,10.02166666666667,10.27166666666667,l,No,
7,20250410183431,20241204042031,10.02166666666667,10.27166666666667,11.245555555555558,l,No,2.25-11.42
7,20250410194757,DelayCal,11.245555555555558,11.245555555555558,11.495555555555558,l,No,
7,20250410194757,20241204050853,11.245555555555558,11.495555555555558,12.479722222222225,l,No,5.17-12.00
7,20250410210200,DelayCal,12.479722222222225,12.479722222222225,12.729722222222225,l,No,
7,20250410210200,20250206210713,12.479722222222225,12.729722222222225,16.247222222222227,l,No,10.50-13.50
7,20250411004803,DelayCal,16.247222222222227,16.247222222222227,16.497222222222227,s,No,
7,20250411004803,20250203212700,16.247222222222227,16.497222222222227,17.54833333333334,s,No,12.00-19.00
7,20250411020607,DelayCal,17.54833333333334,17.54833333333334,17.79833333333334,s,No,
7,20250411020607,20250203212700,17.54833333333334,17.79833333333334,18.84944444444445,s,No,12.00-19.00
7,20250411032411,DelayCal,18.84944444444445,18.84944444444445,19.09944444444445,l,No,
7,20250411032411,20241129173227,18.84944444444445,19.09944444444445,20.164166666666674,l,No,15.38-21.98
7,20250411044304,DelayCal,20.164166666666674,20.164166666666674,20.414166666666674,l,No,
7,20250411044304,20241129173227,20.164166666666674,20.414166666666674,21.478888888888896,l,No,15.38-21.98
7,20250411060157,DelayCal,21.478888888888896,21.478888888888896,21.728888888888896,l,No,
7,20250411060157,20241129173227,21.478888888888896,21.728888888888896,22.79361111111112,l,No,15.38-21.98
7,20250411072050,DelayCal,22.79361111111112,22.79361111111112,23.04361111111112,l,No,
7,20250411072050,20250108094545,22.79361111111112,23.04361111111112,1.4210854715202004e-14,l,No,19.00-2.00
8,20250411083313,DelayCal,1.4210854715202004e-14,1.4210854715202004e-14,0.2500000000000142,l,No,
8,20250411083313,20241207180321,1.4210854715202004e-14,0.2500000000000142,5.464444444444458,l,No,19.50-1.00
8,20250411140105,DelayCal,5.464444444444458,5.464444444444458,5.714444444444458,s,No,
8,20250411140105,20250208190117,5.464444444444458,5.714444444444458,10.506944444444459,s,No,1.50-6.25
8,20250411190338,DelayCal,10.506944444444459,10.506944444444459,10.756944444444459,l,No,
8,20250411190338,20241203234540,10.506944444444459,10.756944444444459,11.731388888888903,l,No,2.67-11.42
8,20250411201706,DelayCal,11.731388888888903,11.731388888888903,11.981388888888903,l,No,
8,20250411201706,20241204052418,11.731388888888903,11.981388888888903,12.973888888888903,l,No,5.33-12.17
8,20250411213139,DelayCal,12.973888888888903,12.973888888888903,13.223888888888903,s,No,
8,20250411213139,20241203023707,12.973888888888903,13.223888888888903,15.833333333333346,s,No,10.50-16.25
8,20250412002313,DelayCal,15.833333333333346,15.833333333333346,16.083333333333346,s,No,
8,20250412002313,20241203023707,15.833333333333346,16.083333333333346,18.692777777777792,s,No,10.50-16.25
8,20250412031447,DelayCal,18.692777777777792,18.692777777777792,18.942777777777792,l,No,
8,20250412031447,20250307152024,18.692777777777792,18.942777777777792,19.980833333333347,l,No,12.00-19.00
8,20250412043204,DelayCal,19.980833333333347,19.980833333333347,20.230833333333347,l,No,
8,20250412043204,20241129173358,19.980833333333347,20.230833333333347,21.812500000000014,l,No,15.38-21.48
8,20250412062158,DelayCal,21.812500000000014,21.812500000000014,22.062500000000014,l,No,
8,20250412062158,20250217144807,21.812500000000014,22.062500000000014,1.4210854715202004e-14,l,No,16.75-23.00
9,20250412083313,DelayCal,1.4210854715202004e-14,1.4210854715202004e-14,0.2500000000000142,l,No,
9,20250412083313,20250217144807,1.4210854715202004e-14,0.2500000000000142,3.046944444444459,l,No,0.00-23.00
9,20250412113602,DelayCal,3.046944444444459,3.046944444444459,3.296944444444459,l,No,
9,20250412113602,20250217171530,3.046944444444459,3.296944444444459,8.002777777777792,l,No,1.50-6.00
9,20250412163323,DelayCal,8.002777777777792,8.002777777777792,8.252777777777792,l,No,
9,20250412163323,20241226163858,8.002777777777792,8.252777777777792,9.582500000000014,l,No,3.00-10.50
9,20250412180810,DelayCal,9.582500000000014,9.582500000000014,9.832500000000014,l,No,
9,20250412180810,20241226163858,9.582500000000014,9.832500000000014,11.162222222222237,l,No,3.00-10.50
9,20250412194257,DelayCal,11.162222222222237,11.162222222222237,11.412222222222237,l,No,
9,20250412194257,20241204052632,11.162222222222237,11.412222222222237,12.403611111111125,l,No,5.58-12.08
9,20250412205726,DelayCal,12.403611111111125,12.403611111111125,12.653611111111125,l,No,
9,20250412205726,20241203021520,12.403611111111125,12.653611111111125,15.246111111111125,l,No,10.50-16.25
9,20250412234759,DelayCal,15.246111111111125,15.246111111111125,15.496111111111125,l,No,
9,20250412234759,20241203021520,15.246111111111125,15.496111111111125,18.088611111111124,l,No,10.50-16.25
9,20250413023832,DelayCal,18.088611111111124,18.088611111111124,18.338611111111124,l,No,
9,20250413023832,20250307141726,18.088611111111124,18.338611111111124,19.391111111111123,l,No,12.00-19.00
9,20250413035641,DelayCal,19.391111111111123,19.391111111111123,19.641111111111123,s,No,
9,20250413035641,20241129174313,19.391111111111123,19.641111111111123,20.7063888888889,s,No,15.38-21.50
9,20250413051536,DelayCal,20.7063888888889,20.7063888888889,20.9563888888889,s,No,
9,20250413051536,20241129174313,20.7063888888889,20.9563888888889,22.021666666666675,s,No,15.38-21.50
9,20250413063431,DelayCal,22.021666666666675,22.021666666666675,22.271666666666675,l,No,
9,20250413063431,20250217144807,22.021666666666675,22.271666666666675,7.105427357601002e-15,l,No,0.00-23.00
10,20250413083313,DelayCal,7.105427357601002e-15,7.105427357601002e-15,0.2500000000000071,l,No,
10,20250413083313,20241230104805,7.105427357601002e-15,0.2500000000000071,5.444166666666674,l,No,19.50-1.00
10,20250413135952,DelayCal,5.444166666666674,5.444166666666674,5.694166666666674,l,No,
10,20250413135952,20250217163442,5.444166666666674,5.694166666666674,10.319722222222229,l,No,1.50-6.00
10,20250413185224,DelayCal,10.319722222222229,10.319722222222229,10.569722222222229,l,No,
10,20250413185224,20241204045120,10.319722222222229,10.569722222222229,11.558888888888895,l,No,3.58-11.17
10,20250413200645,DelayCal,11.558888888888895,11.558888888888895,11.808888888888895,l,No,
10,20250413200645,20241204044123,11.558888888888895,11.808888888888895,12.790833333333339,l,No,5.67-12.00
10,20250413212040,DelayCal,12.790833333333339,12.790833333333339,13.040833333333339,l,No,
10,20250413212040,20241208161730,12.790833333333339,13.040833333333339,15.576111111111118,l,No,10.50-14.00
10,20250414000747,DelayCal,15.576111111111118,15.576111111111118,15.826111111111118,u,No,
10,20250414000747,20250309191017,15.576111111111118,15.826111111111118,17.11361111111112,u,No,12.00-17.50
10,20250414014002,DelayCal,17.11361111111112,17.11361111111112,17.36361111111112,u,No,
10,20250414014002,20250309191017,17.11361111111112,17.36361111111112,18.65111111111112,u,No,12.00-17.50
10,20250414031217,DelayCal,18.65111111111112,18.65111111111112,18.90111111111112,s,No,
10,20250414031217,20250203212730,18.65111111111112,18.90111111111112,19.956944444444453,s,No,12.00-19.00
10,20250414043038,DelayCal,19.956944444444453,19.956944444444453,20.206944444444453,l,No,
10,20250414043038,20241129173355,19.956944444444453,20.206944444444453,21.25500000000001,l,No,15.38-21.98
10,20250414054831,DelayCal,21.25500000000001,21.25500000000001,21.50500000000001,l,No,
10,20250414054831,20241129173355,21.25500000000001,21.50500000000001,22.553055555555567,l,No,15.38-21.98
10,20250414070624,DelayCal,22.553055555555567,22.553055555555567,22.803055555555567,l,No,
10,20250414070624,20250217172800,22.553055555555567,22.803055555555567,7.105427357601002e-15,l,No,18.00-23.00
11,20250414083313,DelayCal,7.105427357601002e-15,7.105427357601002e-15,0.2500000000000071,l,No,
11,20250414083313,20250217172800,7.105427357601002e-15,0.2500000000000071,3.664722222222231,l,No,0.00-23.00
11,20250414121306,DelayCal,3.664722222222231,3.664722222222231,3.914722222222231,s,No,
11,20250414121306,20241202085452,3.664722222222231,3.914722222222231,9.128888888888898,s,No,1.50-4.00
11,20250414174057,DelayCal,9.128888888888898,9.128888888888898,9.378888888888898,l,No,
11,20250414174057,20241203214955,9.128888888888898,9.378888888888898,10.331944444444455,l,No,3.82-11.25
11,20250414185308,DelayCal,10.331944444444455,10.331944444444455,10.581944444444455,l,No,
11,20250414185308,20241203214955,10.331944444444455,10.581944444444455,11.53500000000001,l,No,3.82-11.25
11,20250414200519,DelayCal,11.53500000000001,11.53500000000001,11.78500000000001,l,No,
11,20250414200519,20241204044349,11.53500000000001,11.78500000000001,12.787222222222233,l,No,5.83-12.17
11,20250414212027,DelayCal,12.787222222222233,12.787222222222233,13.037222222222233,l,No,
11,20250414212027,20250206221448,12.787222222222233,13.037222222222233,15.995555555555567,l,No,10.67-13.33
11,20250415003257,DelayCal,15.995555555555567,15.995555555555567,16.24555555555557,l,No,
11,20250415003257,20250206210824,15.995555555555567,16.24555555555557,19.35916666666668,l,No,12.00-18.00
11,20250415035446,DelayCal,19.35916666666668,19.35916666666668,19.60916666666668,s,No,
11,20250415035446,20241129174041,19.35916666666668,19.60916666666668,20.660000000000014,s,No,15.38-21.50
11,20250415051249,DelayCal,20.660000000000014,20.660000000000014,20.910000000000014,s,No,
11,20250415051249,20241129174041,20.660000000000014,20.910000000000014,21.960833333333348,s,No,15.38-21.50
11,20250415063052,DelayCal,21.960833333333348,21.960833333333348,22.210833333333348,l,No,
11,20250415063052,20250217172130,21.960833333333348,22.210833333333348,1.0658141036401503e-14,l,No,17.00-22.50
12,20250415083313,DelayCal,1.0658141036401503e-14,1.0658141036401503e-14,0.25000000000001066,l,No,
12,20250415083313,20250217172130,1.0658141036401503e-14,0.25000000000001066,2.737222222222237,l,No,0.00-22.50
12,20250415111727,DelayCal,2.737222222222237,2.737222222222237,2.987222222222237,u,No,
12,20250415111727,20241202085157,2.737222222222237,2.987222222222237,8.201388888888903,u,No,1.50-4.00
12,20250415164518,DelayCal,8.201388888888903,8.201388888888903,8.451388888888903,l,No,
12,20250415164518,20250116184257,8.201388888888903,8.451388888888903,13.93416666666668,l,No,4.00-8.50
12,20250415222916,DelayCal,13.93416666666668,13.93416666666668,14.18416666666668,l,No,
12,20250415222916,20241120095739,13.93416666666668,14.18416666666668,1.0658141036401503e-14,l,No,10.67-14.75
13,20250416083313,DelayCal,1.0658141036401503e-14,1.0658141036401503e-14,0.25000000000001066,l,No,
13,20250416083313,20250123183320,1.0658141036401503e-14,0.25000000000001066,7.614166666666677,l,No,20.00-3.00
13,20250416161004,DelayCal,7.614166666666677,7.614166666666677,7.864166666666677,l,No,
13,20250416161004,20241126083325,7.614166666666677,7.864166666666677,11.919166666666676,l,No,4.00-8.42
13,20250416202822,DelayCal,11.919166666666676,11.919166666666676,12.169166666666676,l,No,
13,20250416202822,20250206221404,11.919166666666676,12.169166666666676,15.121111111111121,l,No,7.75-12.33
13,20250416234029,DelayCal,15.121111111111121,15.121111111111121,15.371111111111121,l,No,
13,20250416234029,20250203212705,15.121111111111121,15.371111111111121,19.432777777777787,l,No,12.00-16.00
13,20250417035911,DelayCal,19.432777777777787,19.432777777777787,19.682777777777787,s,No,
13,20250417035911,20241129174319,19.432777777777787,19.682777777777787,21.485277777777785,s,No,15.38-21.00
13,20250417060220,DelayCal,21.485277777777785,21.485277777777785,21.735277777777785,l,No,
13,20250417060220,20241124212857,21.485277777777785,21.735277777777785,7.105427357601002e-15,l,No,18.50-22.00
14,20250417083313,DelayCal,7.105427357601002e-15,7.105427357601002e-15,0.2500000000000071,l,No,
14,20250417083313,20241124212857,7.105427357601002e-15,0.2500000000000071,5.297777777777784,l,No,0.00-22.00
14,20250417135105,DelayCal,5.297777777777784,5.297777777777784,5.547777777777784,l,No,
14,20250417135105,20250206222355,5.297777777777784,5.547777777777784,8.505277777777785,l,No,2.08-7.00
14,20250417170332,DelayCal,8.505277777777785,8.505277777777785,8.755277777777785,l,No,
14,20250417170332,20241204042444,8.505277777777785,8.755277777777785,9.76833333333334,l,No,5.17-10.67
14,20250417181919,DelayCal,9.76833333333334,9.76833333333334,10.01833333333334,l,No,
14,20250417181919,20241204042444,9.76833333333334,10.01833333333334,11.031388888888895,l,No,5.17-10.67
14,20250417193506,DelayCal,11.031388888888895,11.031388888888895,11.281388888888895,l,No,
14,20250417193506,20241204042834,11.031388888888895,11.281388888888895,12.268611111111117,l,No,6.17-12.17
14,20250417204920,DelayCal,12.268611111111117,12.268611111111117,12.518611111111117,l,No,
14,20250417204920,20250116184555,12.268611111111117,12.518611111111117,17.99472222222223,l,No,10.75-15.17
14,20250418023254,DelayCal,17.99472222222223,17.99472222222223,18.24472222222223,s,No,
14,20250418023254,20250131154502,17.99472222222223,18.24472222222223,19.281666666666673,s,No,12.00-19.00
14,20250418035007,DelayCal,19.281666666666673,19.281666666666673,19.531666666666673,l,No,
14,20250418035007,20250217152249,19.281666666666673,19.531666666666673,7.105427357601002e-15,l,No,17.75-20.75
15,20250418083313,DelayCal,7.105427357601002e-15,7.105427357601002e-15,0.2500000000000071,l,No,
15,20250418083313,20250123164026,7.105427357601002e-15,0.2500000000000071,7.511111111111118,l,No,20.00-2.00
15,20250418160353,DelayCal,7.511111111111118,7.511111111111118,7.761111111111118,l,No,
15,20250418160353,20241124175730,7.511111111111118,7.761111111111118,10.873055555555563,l,No,5.25-8.50
15,20250418192536,DelayCal,10.873055555555563,10.873055555555563,11.123055555555563,l,No,
15,20250418192536,20241203213942,10.873055555555563,11.123055555555563,12.10333333333334,l,No,6.47-12.17
15,20250418203925,DelayCal,12.10333333333334,12.10333333333334,12.35333333333334,s,No,
15,20250418203925,20241206140303,12.10333333333334,12.35333333333334,21.333333333333343,s,No,10.50-12.50
15,20250419055313,DelayCal,21.333333333333343,21.333333333333343,21.583333333333343,l,No,
15,20250419055313,20241202185834,21.333333333333343,21.583333333333343,7.105427357601002e-15,l,No,19.75-22.50
16,20250419083313,DelayCal,7.105427357601002e-15,7.105427357601002e-15,0.2500000000000071,l,No,
16,20250419083313,20241202185834,7.105427357601002e-15,0.2500000000000071,2.7972222222222314,l,No,0.00-22.50
16,20250419112103,DelayCal,2.7972222222222314,2.7972222222222314,3.0472222222222314,l,No,
16,20250419112103,20241202081517,2.7972222222222314,3.0472222222222314,8.262777777777787,l,No,1.50-4.00
16,20250419164859,DelayCal,8.262777777777787,8.262777777777787,8.512777777777787,l,Yes,
16,20250419164859,20241128155504,8.262777777777787,8.512777777777787,12.190000000000008,l,Yes,5.68-8.67
16,20250419204437,DelayCal,12.190000000000008,12.190000000000008,12.440000000000008,l,Yes,
16,20250419204437,20250218120245,12.190000000000008,12.440000000000008,16.095833333333342,l,Yes,11.00-15.00
16,20250420003858,DelayCal,16.095833333333342,16.095833333333342,16.345833333333342,s,No,
16,20250420003858,20250128212040,16.095833333333342,16.345833333333342,17.40000000000001,s,No,12.00-19.00
16,20250420015713,DelayCal,17.40000000000001,17.40000000000001,17.65000000000001,s,No,
16,20250420015713,20250128212040,17.40000000000001,17.65000000000001,18.704166666666676,s,No,12.00-19.00
16,20250420031528,DelayCal,18.704166666666676,18.704166666666676,18.954166666666676,s,No,
16,20250420031528,20250128212040,18.704166666666676,18.954166666666676,20.008333333333344,s,No,12.00-19.00
16,20250420043343,DelayCal,20.008333333333344,20.008333333333344,20.258333333333344,l,No,
16,20250420043343,20241202185834,20.008333333333344,20.258333333333344,22.805555555555568,l,No,0.00-22.50
16,20250420072133,DelayCal,22.805555555555568,22.805555555555568,23.055555555555568,l,No,
16,20250420072133,20250116182651,22.805555555555568,23.055555555555568,7.105427357601002e-15,l,No,20.00-2.50
17,20250420083313,DelayCal,7.105427357601002e-15,7.105427357601002e-15,0.2500000000000071,l,No,
17,20250420083313,20250116182651,7.105427357601002e-15,0.2500000000000071,4.722222222222234,l,No,0.00-2.50
17,20250420131633,DelayCal,4.722222222222234,4.722222222222234,4.972222222222234,l,No,
17,20250420131633,20250120041738,4.722222222222234,4.972222222222234,6.340000000000011,l,No,3.00-7.00
17,20250420145337,DelayCal,6.340000000000011,6.340000000000011,6.590000000000011,l,No,
17,20250420145337,20250206220416,6.340000000000011,6.590000000000011,9.535833333333345,l,No,2.75-6.75
17,20250420180522,DelayCal,9.535833333333345,9.535833333333345,9.785833333333345,u,No,
17,20250420180522,20241122131753,9.535833333333345,9.785833333333345,10.856111111111122,u,No,6.08-10.83
17,20250420192435,DelayCal,10.856111111111122,10.856111111111122,11.106111111111122,l,No,
17,20250420192435,20250123162715,10.856111111111122,11.106111111111122,17.696944444444455,l,No,7.25-12.00
17,20250421021502,DelayCal,17.696944444444455,17.696944444444455,17.946944444444455,s,No,
17,20250421021502,20250305141258,17.696944444444455,17.946944444444455,18.98500000000001,s,No,12.00-19.00
17,20250421033219,DelayCal,18.98500000000001,18.98500000000001,19.23500000000001,l,No,
17,20250421033219,20241126043745,18.98500000000001,19.23500000000001,3.552713678800501e-15,l,No,17.00-19.25
18,20250421083313,DelayCal,3.552713678800501e-15,3.552713678800501e-15,0.25000000000000355,l,No,
18,20250421083313,20241126043745,3.552713678800501e-15,0.25000000000000355,2.4702777777777873,l,No,0.00-19.25
18,20250421110126,DelayCal,2.4702777777777873,2.4702777777777873,2.7202777777777873,l,No,
18,20250421110126,20240711061336,2.4702777777777873,2.7202777777777873,7.68250000000001,l,No,2.00-3.17
18,20250421161410,DelayCal,7.68250000000001,7.68250000000001,7.93250000000001,l,No,
18,20250421161410,20250206213648,7.68250000000001,7.93250000000001,10.95611111111112,l,No,5.75-9.33
18,20250421193035,DelayCal,10.95611111111112,10.95611111111112,11.20611111111112,l,Yes,
18,20250421193035,20241204014242,10.95611111111112,11.20611111111112,16.238333333333344,l,Yes,7.50-11.25
18,20250422004731,DelayCal,16.238333333333344,16.238333333333344,16.488333333333344,l,No,
18,20250422004731,20241128081006,16.238333333333344,16.488333333333344,22.533333333333346,l,No,12.50-17.50
18,20250422070513,DelayCal,22.533333333333346,22.533333333333346,22.783333333333346,l,No,
18,20250422070513,20241203233900,22.533333333333346,22.783333333333346,23.749166666666678,l,No,20.00-11.00
19,20250422094810,DelayCal,1.249166666666678,1.249166666666678,1.499166666666678,s,No,
19,20250422094810,20250130132337,1.249166666666678,1.499166666666678,5.337222222222234,s,No,1.08-2.50
19,20250422135327,DelayCal,5.337222222222234,5.337222222222234,5.587222222222234,l,No,
19,20250422135327,20241126081929,5.337222222222234,5.587222222222234,11.711666666666678,l,No,4.00-6.33
19,20250422201555,DelayCal,11.711666666666678,11.711666666666678,11.961666666666678,l,No,
19,20250422201555,20250206214248,11.711666666666678,11.961666666666678,14.955833333333345,l,No,8.50-12.00
19,20250422233034,DelayCal,14.955833333333345,14.955833333333345,15.205833333333345,s,No,
19,20250422233034,20250211161559,14.955833333333345,15.205833333333345,16.26361111111112,s,No,11.67-15.25
19,20250423004902,DelayCal,16.26361111111112,16.26361111111112,16.51361111111112,u,No,
19,20250423004902,20250103145047,16.26361111111112,16.51361111111112,22.678055555555567,u,No,13.67-17.50
19,20250423071354,DelayCal,22.678055555555567,22.678055555555567,22.928055555555567,l,No,
19,20250423071354,20250217121114,22.678055555555567,22.928055555555567,0.24916666666667808,l,No,20.50-23.75
20,20250423084810,DelayCal,0.24916666666667808,0.24916666666667808,0.4991666666666781,l,No,
20,20250423084810,20250217121114,0.24916666666667808,0.4991666666666781,3.8300000000000116,l,No,0.25-23.75
20,20250423122301,DelayCal,3.8300000000000116,3.8300000000000116,4.080000000000012,l,No,
20,20250423122301,20241215101327,3.8300000000000116,4.080000000000012,12.085555555555569,l,No,3.92-4.67
20,20250423203821,DelayCal,12.085555555555569,12.085555555555569,12.335555555555569,u,No,
20,20250423203821,20250131234249,12.085555555555569,12.335555555555569,13.370555555555569,u,No,11.17-14.00
20,20250423215527,DelayCal,13.370555555555569,13.370555555555569,13.620555555555569,u,No,
20,20250423215527,20250131234249,13.370555555555569,13.620555555555569,14.65555555555557,u,No,11.17-14.00
20,20250423231233,DelayCal,14.65555555555557,14.65555555555557,14.90555555555557,s,No,
20,20250423231233,20250125155209,14.65555555555557,14.90555555555557,15.958611111111125,s,No,11.58-15.00
20,20250424003044,DelayCal,15.958611111111125,15.958611111111125,16.208611111111125,l,No,
20,20250424003044,20241206085440,15.958611111111125,16.208611111111125,18.610833333333346,l,No,13.00-16.50
20,20250424030952,DelayCal,18.610833333333346,18.610833333333346,18.860833333333346,l,No,
20,20250424030952,20241206083240,18.610833333333346,18.860833333333346,0.24916666666667808,l,No,17.00-18.92
21,20250424084810,DelayCal,0.24916666666667808,0.24916666666667808,0.4991666666666781,l,No,
21,20250424084810,20241206083240,0.24916666666667808,0.4991666666666781,2.6358333333333475,l,No,0.25-18.92
21,20250424111122,DelayCal,2.6358333333333475,2.6358333333333475,2.8858333333333475,l,No,
21,20250424111122,20241203205103,2.6358333333333475,2.8858333333333475,6.765000000000015,l,No,2.25-3.50
21,20250424151907,DelayCal,6.765000000000015,6.765000000000015,7.015000000000015,l,No,
21,20250424151907,20241208152250,6.765000000000015,7.015000000000015,12.061666666666682,l,No,4.50-7.25
21,20250424203655,DelayCal,12.061666666666682,12.061666666666682,12.311666666666682,l,No,
21,20250424203655,20241207224249,12.061666666666682,12.311666666666682,14.843611111111127,l,No,11.18-14.00
21,20250424232350,DelayCal,14.843611111111127,14.843611111111127,15.093611111111127,s,No,
21,20250424232350,20250215181228,14.843611111111127,15.093611111111127,16.15166666666668,s,No,11.67-15.25
21,20250425004219,DelayCal,16.15166666666668,16.15166666666668,16.40166666666668,l,No,
21,20250425004219,20241206085237,16.15166666666668,16.40166666666668,18.813888888888904,l,No,13.00-16.50
21,20250425032203,DelayCal,18.813888888888904,18.813888888888904,19.063888888888904,l,No,
21,20250425032203,20241122153545,18.813888888888904,19.063888888888904,0.24916666666667808,l,No,18.00-20.00
22,20250425084810,DelayCal,0.24916666666667808,0.24916666666667808,0.4991666666666781,l,No,
22,20250425084810,20241122153545,0.24916666666667808,0.4991666666666781,2.9691666666666823,l,No,0.25-20.00
22,20250425113122,DelayCal,2.9691666666666823,2.9691666666666823,3.2191666666666823,l,No,
22,20250425113122,20241203211535,2.9691666666666823,3.2191666666666823,7.162500000000016,l,No,2.50-3.50
22,20250425154258,DelayCal,7.162500000000016,7.162500000000016,7.412500000000016,l,No,
22,20250425154258,20241208155227,7.162500000000016,7.412500000000016,12.438333333333349,l,No,6.00-7.42
22,20250425205931,DelayCal,12.438333333333349,12.438333333333349,12.688333333333349,l,No,
22,20250425205931,20241129143405,12.438333333333349,12.688333333333349,19.14333333333335,l,No,11.50-13.00
22,20250426034149,DelayCal,19.14333333333335,19.14333333333335,19.39333333333335,l,No,
22,20250426034149,20241122153545,19.14333333333335,19.39333333333335,21.86333333333335,l,No,0.25-20.00
22,20250426062501,DelayCal,21.86333333333335,21.86333333333335,22.11333333333335,l,No,
22,20250426062501,20241208154427,21.86333333333335,22.11333333333335,0.24916666666667453,l,No,19.75-22.50
23,20250426084810,DelayCal,0.24916666666667453,0.24916666666667453,0.49916666666667453,l,No,
23,20250426084810,20241208154427,0.24916666666667453,0.49916666666667453,3.3300000000000196,l,No,0.25-22.50
23,20250426115301,DelayCal,3.3300000000000196,3.3300000000000196,3.5800000000000196,l,No,
23,20250426115301,20241120194442,3.3300000000000196,3.5800000000000196,10.05388888888891,l,No,2.75-3.83
23,20250426183627,DelayCal,10.05388888888891,10.05388888888891,10.30388888888891,l,No,
23,20250426183627,20250217121035,10.05388888888891,10.30388888888891,14.775555555555577,l,No,6.50-10.50
23,20250426231945,DelayCal,14.775555555555577,14.775555555555577,15.025555555555577,s,No,
23,20250426231945,20250303170916,14.775555555555577,15.025555555555577,16.083611111111132,s,No,11.67-15.25
23,20250427003814,DelayCal,16.083611111111132,16.083611111111132,16.333611111111132,u,No,
23,20250427003814,20241127145201,16.083611111111132,16.333611111111132,22.490833333333356,u,No,13.88-17.50
23,20250427070240,DelayCal,22.490833333333356,22.490833333333356,22.740833333333356,l,No,
23,20250427070240,20241203212413,22.490833333333356,22.740833333333356,0.24916666666667453,l,No,21.83-22.83
24,20250427084810,DelayCal,0.24916666666667453,0.24916666666667453,0.49916666666667453,l,No,
24,20250427084810,20241203212413,0.24916666666667453,0.49916666666667453,2.924722222222243,l,No,0.25-22.83
24,20250427112842,DelayCal,2.924722222222243,2.924722222222243,3.174722222222243,l,No,
24,20250427112842,20241203212413,2.924722222222243,3.174722222222243,5.600277777777811,l,No,0.25-22.83
24,20250427140914,DelayCal,5.600277777777811,5.600277777777811,5.850277777777811,l,No,
24,20250427140914,20241208152210,5.600277777777811,5.850277777777811,10.896944444444479,l,No,4.50-7.25
24,20250427192702,DelayCal,10.896944444444479,10.896944444444479,11.146944444444479,l,No,
24,20250427192702,20250217174042,10.896944444444479,11.146944444444479,15.199722222222256,l,No,8.00-11.75
24,20250427234512,DelayCal,15.199722222222256,15.199722222222256,15.449722222222256,l,No,
24,20250427234512,20250203212737,15.199722222222256,15.449722222222256,19.50638888888892,l,No,12.00-16.00
24,20250428040336,DelayCal,19.50638888888892,19.50638888888892,19.75638888888892,l,No,
24,20250428040336,20241122143544,19.50638888888892,19.75638888888892,0.24916666666667453,l,No,18.25-20.02
25,20250428084810,DelayCal,0.24916666666667453,0.24916666666667453,0.49916666666667453,l,No,
25,20250428084810,20241122143544,0.24916666666667453,0.49916666666667453,3.3400000000000336,l,No,0.25-20.02
25,20250428125337,DelayCal,4.340000000000034,4.340000000000034,4.590000000000034,l,No,
25,20250428125337,20241208152116,4.340000000000034,4.590000000000034,9.6366666666667,l,No,4.50-7.25
25,20250428181125,DelayCal,9.6366666666667,9.6366666666667,9.8866666666667,l,No,
25,20250428181125,20250206222434,9.6366666666667,9.8866666666667,12.856388888888922,l,No,7.58-10.00
25,20250428212436,DelayCal,12.856388888888922,12.856388888888922,13.106388888888922,u,Yes,
25,20250428212436,20241209112331,12.856388888888922,13.106388888888922,19.234444444444478,u,Yes,11.50-13.17
25,20250429034717,DelayCal,19.234444444444478,19.234444444444478,19.484444444444478,l,No,
25,20250429034717,20241122143544,19.234444444444478,19.484444444444478,22.325277777777835,l,No,0.25-20.02
25,20250429065244,DelayCal,22.325277777777835,22.325277777777835,22.575277777777835,u,No,
25,20250429065244,20241208222817,22.325277777777835,22.575277777777835,0.24916666666667453,u,No,22.00-23.25
26,20250429084810,DelayCal,0.24916666666667453,0.24916666666667453,0.49916666666667453,u,No,
26,20250429084810,20241208222817,0.24916666666667453,0.49916666666667453,2.7100000000000573,u,No,0.25-23.25
26,20250429111549,DelayCal,2.7100000000000573,2.7100000000000573,2.9600000000000573,l,No,
26,20250429111549,20241226153543,2.7100000000000573,2.9600000000000573,5.953055555555613,l,No,2.75-5.33
26,20250429143024,DelayCal,5.953055555555613,5.953055555555613,6.203055555555613,l,No,
26,20250429143024,20241202191111,5.953055555555613,6.203055555555613,11.236111111111168,l,No,4.50-7.25
26,20250429194723,DelayCal,11.236111111111168,11.236111111111168,11.486111111111168,l,No,
26,20250429194723,20241206084729,11.236111111111168,11.486111111111168,13.930555555555612,l,No,8.25-11.50
26,20250429222903,DelayCal,13.930555555555612,13.930555555555612,14.180555555555612,s,No,
26,20250429222903,20250123142846,13.930555555555612,14.180555555555612,15.265000000000057,s,No,11.58-15.00
26,20250429234907,DelayCal,15.265000000000057,15.265000000000057,15.515000000000057,l,No,
26,20250429234907,20250131154734,15.265000000000057,15.515000000000057,19.57861111111117,l,No,12.00-16.00
26,20250430040756,DelayCal,19.57861111111117,19.57861111111117,19.82861111111117,l,No,
26,20250430040756,20241208154518,19.57861111111117,19.82861111111117,0.24916666666667098,l,No,19.75-22.50
27,20250430084810,DelayCal,0.24916666666667098,0.24916666666667098,0.499166666666671,l,No,
27,20250430084810,20241208154518,0.24916666666667098,0.499166666666671,1.0452777777778355,l,No,0.25-22.50
27,20250430093556,DelayCal,1.0452777777778355,1.0452777777778355,1.2952777777778355,u,No,
27,20250430093556,20250201223634,1.0452777777778355,1.2952777777778355,5.178888888888947,u,No,1.17-2.17
27,20250430134357,DelayCal,5.178888888888947,5.178888888888947,5.428888888888947,l,No,
27,20250430134357,20241208152010,5.178888888888947,5.428888888888947,10.472500000000057,l,No,4.50-7.25
27,20250430190134,DelayCal,10.472500000000057,10.472500000000057,10.722500000000057,l,No,
27,20250430190134,20241224030720,10.472500000000057,10.722500000000057,13.166944444444502,l,No,8.25-11.50
27,20250430214314,DelayCal,13.166944444444502,13.166944444444502,13.416944444444502,l,No,
27,20250430214314,20241215142246,13.166944444444502,13.416944444444502,18.718888888888948,l,No,11.58-13.75
27,20250501031621,DelayCal,18.718888888888948,18.718888888888948,18.968888888888948,l,No,
27,20250501031621,20241208154518,18.718888888888948,18.968888888888948,19.515000000000114,l,No,0.25-22.50
27,20250501040407,DelayCal,19.515000000000114,19.515000000000114,19.765000000000114,l,No,
27,20250501040407,20241208154518,19.515000000000114,19.765000000000114,20.31111111111128,l,No,0.25-22.50
27,20250501045153,DelayCal,20.31111111111128,20.31111111111128,20.56111111111128,l,No,
27,20250501045153,20241208154518,20.31111111111128,20.56111111111128,21.107222222222447,l,No,0.25-22.50
27,20250501053939,DelayCal,21.107222222222447,21.107222222222447,21.357222222222447,l,No,
27,20250501053939,20241208154518,21.107222222222447,21.357222222222447,21.903333333333613,l,No,0.25-22.50
27,20250501062725,DelayCal,21.903333333333613,21.903333333333613,22.153333333333613,l,No,
27,20250501062725,20241208154518,21.903333333333613,22.153333333333613,22.69944444444478,l,No,0.25-22.50
27,20250501071511,DelayCal,22.69944444444478,22.69944444444478,22.94944444444478,l,No,
27,20250501071511,20250131131456,22.69944444444478,22.94944444444478,0.24916666666667808,l,No,22.25-23.50
28,20250501084810,DelayCal,0.24916666666667808,0.24916666666667808,0.4991666666666781,l,No,
28,20250501084810,20250131131456,0.24916666666667808,0.4991666666666781,5.688888888889224,l,No,0.25-23.50
28,20250501141433,DelayCal,5.688888888889224,5.688888888889224,5.938888888889224,l,No,
28,20250501141433,20250204210830,5.688888888889224,5.938888888889224,10.108333333333668,l,No,5.00-6.25
28,20250501183943,DelayCal,10.108333333333668,10.108333333333668,10.358333333333668,l,Yes,
28,20250501183943,20250208074216,10.108333333333668,10.358333333333668,14.22694444444478,l,Yes,8.25-11.75
28,20250501224650,DelayCal,14.22694444444478,14.22694444444478,14.47694444444478,l,No,
28,20250501224650,20250123142842,14.22694444444478,14.47694444444478,15.559444444444779,l,No,11.58-15.00
28,20250502000647,DelayCal,15.559444444444779,15.559444444444779,15.809444444444779,u,No,
28,20250502000647,20250211005353,15.559444444444779,15.809444444444779,19.778888888889224,u,No,12.00-16.00
28,20250502041957,DelayCal,19.778888888889224,19.778888888889224,20.028888888889224,l,No,
28,20250502041957,20241214120051,19.778888888889224,20.028888888889224,0.24916666666667808,l,No,19.75-22.50
29,20250502084810,DelayCal,0.24916666666667808,0.24916666666667808,0.4991666666666781,l,No,
29,20250502084810,20241214120051,0.24916666666667808,0.4991666666666781,1.2455555555558906,l,No,0.25-22.50
29,20250502094757,DelayCal,1.2455555555558906,1.2455555555558906,1.4955555555558906,l,No,
29,20250502094757,20241203212553,1.2455555555558906,1.4955555555558906,5.443611111111446,l,No,1.25-2.25
29,20250502135950,DelayCal,5.443611111111446,5.443611111111446,5.693611111111446,l,No,
29,20250502135950,20250204211226,5.443611111111446,5.693611111111446,9.865277777778113,l,No,5.00-6.25
29,20250502182508,DelayCal,9.865277777778113,9.865277777778113,10.115277777778113,l,Yes,
29,20250502182508,20241216075449,9.865277777778113,10.115277777778113,18.651666666667,l,Yes,8.17-10.33
29,20250503031219,DelayCal,18.651666666667,18.651666666667,18.901666666667,l,No,
29,20250503031219,20241214120051,18.651666666667,18.901666666667,19.648055555556212,l,No,0.25-22.50
29,20250503041206,DelayCal,19.648055555556212,19.648055555556212,19.898055555556212,l,No,
29,20250503041206,20241214120051,19.648055555556212,19.898055555556212,20.644444444445426,l,No,0.25-22.50
29,20250503051153,DelayCal,20.644444444445426,20.644444444445426,20.894444444445426,l,No,
29,20250503051153,20241214120051,20.644444444445426,20.894444444445426,21.64083333333464,l,No,0.25-22.50
29,20250503061140,DelayCal,21.64083333333464,21.64083333333464,21.89083333333464,l,No,
29,20250503061140,20241214120051,21.64083333333464,21.89083333333464,22.637222222223855,l,No,0.25-22.50
29,20250503071127,DelayCal,22.637222222223855,22.637222222223855,22.887222222223855,l,No,
29,20250503071127,20250211133435,22.637222222223855,22.887222222223855,0.24916666666668164,l,No,22.25-23.50
30,20250503084810,DelayCal,0.24916666666668164,0.24916666666668164,0.49916666666668164,l,No,
30,20250503084810,20250211133435,0.24916666666668164,0.49916666666668164,5.627222222223857,l,No,0.25-23.50
30,20250503141051,DelayCal,5.627222222223857,5.627222222223857,5.877222222223857,l,No,
30,20250503141051,20250204210516,5.627222222223857,5.877222222223857,10.056666666668301,l,No,5.00-6.25
30,20250503183637,DelayCal,10.056666666668301,10.056666666668301,10.306666666668301,l,Yes,
30,20250503183637,20241216083631,10.056666666668301,10.306666666668301,18.878611111112747,l,Yes,8.17-10.33
30,20250504032556,DelayCal,18.878611111112747,18.878611111112747,19.128611111112747,l,No,
30,20250504032556,20250211133435,18.878611111112747,19.128611111112747,0.24916666666668164,l,No,0.25-23.50
31,20250504094810,DelayCal,1.2491666666666816,1.2491666666666816,1.4991666666666816,l,No,
31,20250504094810,20241208212002,1.2491666666666816,1.4991666666666816,4.1244444444444595,l,No,1.25-2.00
31,20250504134041,DelayCal,5.1244444444444595,5.1244444444444595,5.3744444444444595,l,No,
31,20250504134041,20250204175725,5.1244444444444595,5.3744444444444595,9.544722222222237,l,No,5.00-6.25
31,20250504180554,DelayCal,9.544722222222237,9.544722222222237,9.794722222222237,l,Yes,
31,20250504180554,20241216080641,9.544722222222237,9.794722222222237,18.372222222222238,l,Yes,8.17-10.25
31,20250505042533,DelayCal,19.872222222222238,19.872222222222238,20.122222222222238,l,No,
31,20250505042533,20241216125113,19.872222222222238,20.122222222222238,0.24916666666668164,l,No,19.75-22.50
32,20250505084810,DelayCal,0.24916666666668164,0.24916666666668164,0.49916666666668164,l,No,
32,20250505084810,20241216125113,0.24916666666668164,0.49916666666668164,1.3402777777777937,l,No,0.25-22.50
32,20250505095338,DelayCal,1.3402777777777937,1.3402777777777937,1.5902777777777937,l,No,
32,20250505095338,20250115164637,1.3402777777777937,1.5902777777777937,4.222777777777793,l,No,1.35-1.75
32,20250505124635,DelayCal,4.222777777777793,4.222777777777793,4.472777777777793,l,No,
32,20250505124635,20241216125113,4.222777777777793,4.472777777777793,5.313888888888905,l,No,0.25-22.50
32,20250505135203,DelayCal,5.313888888888905,5.313888888888905,5.563888888888905,l,No,
32,20250505135203,20250204211014,5.313888888888905,5.563888888888905,9.74333333333335,l,No,5.00-6.25
32,20250505181749,DelayCal,9.74333333333335,9.74333333333335,9.99333333333335,l,Yes,
32,20250505181749,20241216082220,9.74333333333335,9.99333333333335,18.564722222222237,l,Yes,8.17-10.25
32,20250506030706,DelayCal,18.564722222222237,18.564722222222237,18.814722222222237,l,No,
32,20250506030706,20241216125113,18.564722222222237,18.814722222222237,19.655833333333348,l,No,0.25-22.50
32,20250506041234,DelayCal,19.655833333333348,19.655833333333348,19.905833333333348,l,No,
32,20250506041234,20241216125113,19.655833333333348,19.905833333333348,20.74694444444446,l,No,0.25-22.50
32,20250506051802,DelayCal,20.74694444444446,20.74694444444446,20.99694444444446,l,No,
32,20250506051802,20241216125113,20.74694444444446,20.99694444444446,21.83805555555557,l,No,0.25-22.50
32,20250506062330,DelayCal,21.83805555555557,21.83805555555557,22.08805555555557,l,No,
32,20250506062330,20241216125113,21.83805555555557,22.08805555555557,22.92916666666668,l,No,0.25-22.50
32,20250506072858,DelayCal,22.92916666666668,22.92916666666668,23.17916666666668,l,No,
32,20250506072858,20241203211348,22.92916666666668,23.17916666666668,0.24916666666667808,l,No,22.50-23.50
33,20250506084810,DelayCal,0.24916666666667808,0.24916666666667808,0.4991666666666781,l,No,
33,20250506084810,20241203211348,0.24916666666667808,0.4991666666666781,3.378333333333348,l,No,0.25-23.50
33,20250506115555,DelayCal,3.378333333333348,3.378333333333348,3.628333333333348,l,No,
33,20250506115555,20241203211348,3.378333333333348,3.628333333333348,6.507500000000018,l,No,0.25-23.50
33,20250506150340,DelayCal,6.507500000000018,6.507500000000018,6.757500000000018,l,No,
33,20250506150340,20241203210018,6.507500000000018,6.757500000000018,14.294444444444462,l,No,5.42-7.00
33,20250506225053,DelayCal,14.294444444444462,14.294444444444462,14.544444444444462,s,No,
33,20250506225053,20250125155203,14.294444444444462,14.544444444444462,15.597500000000018,s,No,11.58-15.00
33,20250507000904,DelayCal,15.597500000000018,15.597500000000018,15.847500000000018,s,No,
33,20250507000904,20241203110854,15.597500000000018,15.847500000000018,19.52833333333335,s,No,12.50-16.00
33,20250507040455,DelayCal,19.52833333333335,19.52833333333335,19.77833333333335,l,No,
33,20250507040455,20241203211348,19.52833333333335,19.77833333333335,22.65750000000002,l,No,0.25-23.50
33,20250507071240,DelayCal,22.65750000000002,22.65750000000002,22.90750000000002,l,No,
33,20250507071240,20241203211348,22.65750000000002,22.90750000000002,0.24916666666667808,l,No,0.25-23.50
34,20250507111810,DelayCal,2.749166666666678,2.749166666666678,2.999166666666678,l,No,
34,20250507111810,20250128170002,2.749166666666678,2.999166666666678,5.993055555555567,l,No,2.75-5.33
34,20250507143248,DelayCal,5.993055555555567,5.993055555555567,6.243055555555567,l,No,
34,20250507143248,20250110142920,5.993055555555567,6.243055555555567,12.279444444444456,l,No,6.00-9.75
34,20250507204959,DelayCal,12.279444444444456,12.279444444444456,12.529444444444456,l,No,
34,20250507204959,20241202145328,12.279444444444456,12.529444444444456,18.977222222222235,l,No,11.50-13.00
34,20250508043151,DelayCal,19.977222222222235,19.977222222222235,20.227222222222235,l,No,
34,20250508043151,20241128153001,19.977222222222235,20.227222222222235,0.24916666666667808,l,No,20.00-21.83
35,20250508084810,DelayCal,0.24916666666667808,0.24916666666667808,0.4991666666666781,l,No,
35,20250508084810,20241128153001,0.24916666666667808,0.4991666666666781,1.4883333333333466,l,No,0.25-21.83
35,20250508100231,DelayCal,1.4883333333333466,1.4883333333333466,1.7383333333333466,l,No,
35,20250508100231,20241128153001,1.4883333333333466,1.7383333333333466,2.727500000000015,l,No,0.25-21.83
35,20250508111652,DelayCal,2.727500000000015,2.727500000000015,2.977500000000015,l,No,
35,20250508111652,20241128153001,2.727500000000015,2.977500000000015,3.9666666666666837,l,No,0.25-21.83
35,20250508123113,DelayCal,3.9666666666666837,3.9666666666666837,4.216666666666684,l,No,
35,20250508123113,20241128153001,3.9666666666666837,4.216666666666684,5.205833333333352,l,No,0.25-21.83
35,20250508134534,DelayCal,5.205833333333352,5.205833333333352,5.455833333333352,l,No,
35,20250508134534,20241128153001,5.205833333333352,5.455833333333352,6.445000000000021,l,No,0.25-21.83
35,20250508145955,DelayCal,6.445000000000021,6.445000000000021,6.695000000000021,l,No,
35,20250508145955,20250126210757,6.445000000000021,6.695000000000021,12.73138888888891,l,No,6.00-9.75
35,20250508211706,DelayCal,12.73138888888891,12.73138888888891,12.98138888888891,s,No,
35,20250508211706,20250125155155,12.73138888888891,12.98138888888891,14.034444444444466,s,No,11.58-15.00
35,20250508223517,DelayCal,14.034444444444466,14.034444444444466,14.284444444444466,s,No,
35,20250508223517,20250125155155,14.034444444444466,14.284444444444466,15.337500000000022,s,No,11.58-15.00
35,20250508235328,DelayCal,15.337500000000022,15.337500000000022,15.587500000000022,l,No,
35,20250508235328,20241206085106,15.337500000000022,15.587500000000022,18.00888888888891,l,No,13.00-15.75
35,20250509023345,DelayCal,18.00888888888891,18.00888888888891,18.25888888888891,l,No,
35,20250509023345,20241120153849,18.00888888888891,18.25888888888891,0.24916666666667453,l,No,18.13-18.37
36,20250509084810,DelayCal,0.24916666666667453,0.24916666666667453,0.49916666666667453,l,No,
36,20250509084810,20241120153849,0.24916666666667453,0.49916666666667453,1.8966666666666905,l,No,0.25-18.37
36,20250509102701,DelayCal,1.8966666666666905,1.8966666666666905,2.1466666666666905,l,No,
36,20250509102701,20241120153849,1.8966666666666905,2.1466666666666905,3.5441666666667064,l,No,0.25-18.37
36,20250509120552,DelayCal,3.5441666666667064,3.5441666666667064,3.7941666666667064,l,No,
36,20250509120552,20241120153849,3.5441666666667064,3.7941666666667064,5.191666666666722,l,No,0.25-18.37
36,20250509144443,DelayCal,6.191666666666722,6.191666666666722,6.441666666666722,l,No,
36,20250509144443,20241208155301,6.191666666666722,6.441666666666722,11.476111111111166,l,No,6.00-7.42
36,20250509200147,DelayCal,11.476111111111166,11.476111111111166,11.726111111111166,l,No,
36,20250509200147,20241206084827,11.476111111111166,11.726111111111166,14.175555555555611,l,No,9.17-12.17
36,20250509224345,DelayCal,14.175555555555611,14.175555555555611,14.425555555555611,l,No,
36,20250509224345,20250125155125,14.175555555555611,14.425555555555611,15.471111111111167,l,No,11.58-15.00
36,20250510000129,DelayCal,15.471111111111167,15.471111111111167,15.721111111111167,l,No,
36,20250510000129,20241206085208,15.471111111111167,15.721111111111167,18.145000000000056,l,No,13.00-15.75
36,20250510051155,DelayCal,20.645000000000056,20.645000000000056,20.895000000000056,l,No,
36,20250510051155,20241121194640,20.645000000000056,20.895000000000056,0.24916666666667808,l,No,20.50-21.50
37,20250510084810,DelayCal,0.24916666666667808,0.24916666666667808,0.4991666666666781,l,No,
37,20250510084810,20241121194640,0.24916666666667808,0.4991666666666781,1.0061111111111676,l,No,0.25-21.50
37,20250510093335,DelayCal,1.0061111111111676,1.0061111111111676,1.2561111111111676,l,No,
37,20250510093335,20241121194640,1.0061111111111676,1.2561111111111676,1.763055555555657,l,No,0.25-21.50
37,20250510101900,DelayCal,1.763055555555657,1.763055555555657,2.013055555555657,l,No,
37,20250510101900,20241121194640,1.763055555555657,2.013055555555657,2.5200000000001466,l,No,0.25-21.50
37,20250510110425,DelayCal,2.5200000000001466,2.5200000000001466,2.7700000000001466,l,No,
37,20250510110425,20241121194640,2.5200000000001466,2.7700000000001466,3.276944444444636,l,No,0.25-21.50
37,20250510114950,DelayCal,3.276944444444636,3.276944444444636,3.526944444444636,l,No,
37,20250510114950,20241121194640,3.276944444444636,3.526944444444636,4.033888888889125,l,No,0.25-21.50
37,20250510123515,DelayCal,4.033888888889125,4.033888888889125,4.283888888889125,l,No,
37,20250510123515,20241121194640,4.033888888889125,4.283888888889125,4.790833333333614,l,No,0.25-21.50
37,20250510132040,DelayCal,4.790833333333614,4.790833333333614,5.040833333333614,l,No,
37,20250510132040,20241121194640,4.790833333333614,5.040833333333614,5.547777777778103,l,No,0.25-21.50
37,20250510143605,DelayCal,6.047777777778103,6.047777777778103,6.297777777778103,l,No,
37,20250510143605,20241208155141,6.047777777778103,6.297777777778103,11.331944444444769,l,No,6.00-7.42
37,20250510195308,DelayCal,11.331944444444769,11.331944444444769,11.581944444444769,l,Yes,
37,20250510195308,20250224101022,11.331944444444769,11.581944444444769,15.257777777778102,l,Yes,8.50-11.67
37,20250510234841,DelayCal,15.257777777778102,15.257777777778102,15.507777777778102,l,No,
37,20250510234841,20241206085652,15.257777777778102,15.507777777778102,17.937222222222548,l,No,14.00-17.00
37,20250511022927,DelayCal,17.937222222222548,17.937222222222548,18.187222222222548,l,No,
37,20250511022927,20241121194640,17.937222222222548,18.187222222222548,18.694166666667037,l,No,0.25-21.50
37,20250511031452,DelayCal,18.694166666667037,18.694166666667037,18.944166666667037,l,No,
37,20250511031452,20241121194640,18.694166666667037,18.944166666667037,19.451111111111526,l,No,0.25-21.50
37,20250511040017,DelayCal,19.451111111111526,19.451111111111526,19.701111111111526,l,No,
37,20250511040017,20241121194640,19.451111111111526,19.701111111111526,20.208055555556015,l,No,0.25-21.50
37,20250511044542,DelayCal,20.208055555556015,20.208055555556015,20.458055555556015,l,No,
37,20250511044542,20241121194640,20.208055555556015,20.458055555556015,20.965000000000504,l,No,0.25-21.50
37,20250511053107,DelayCal,20.965000000000504,20.965000000000504,21.215000000000504,l,No,
37,20250511053107,20241121194640,20.965000000000504,21.215000000000504,21.721944444444993,l,No,0.25-21.50
37,20250511061632,DelayCal,21.721944444444993,21.721944444444993,21.971944444444993,l,No,
37,20250511061632,20241122134105,21.721944444444993,21.971944444444993,0.24916666666667808,l,No,20.50-22.25
38,20250511084810,DelayCal,0.24916666666667808,0.24916666666667808,0.4991666666666781,l,No,
38,20250511084810,20241122134105,0.24916666666667808,0.4991666666666781,5.631111111111659,l,No,0.25-22.25
38,20250511144105,DelayCal,6.131111111111659,6.131111111111659,6.381111111111659,l,No,
38,20250511144105,20241202184409,6.131111111111659,6.381111111111659,11.412777777778325,l,No,6.00-7.42
38,20250511195759,DelayCal,11.412777777778325,11.412777777778325,11.662777777778325,l,No,
38,20250511195759,20241206084915,11.412777777778325,11.662777777778325,14.118055555556104,l,No,9.17-12.17
38,20250511224018,DelayCal,14.118055555556104,14.118055555556104,14.368055555556104,l,No,
38,20250511224018,20250125155117,14.118055555556104,14.368055555556104,15.41361111111166,l,No,11.58-15.00
38,20250511235802,DelayCal,15.41361111111166,15.41361111111166,15.66361111111166,l,No,
38,20250511235802,20241206085602,15.41361111111166,15.66361111111166,18.093055555556106,l,No,14.00-17.00
38,20250512023848,DelayCal,18.093055555556106,18.093055555556106,18.343055555556106,l,No,
38,20250512023848,20241122134105,18.093055555556106,18.343055555556106,23.47500000000109,l,No,0.25-22.25
39,20250512143143,DelayCal,5.9750000000010886,5.9750000000010886,6.2250000000010886,l,No,
39,20250512143143,20241208155323,5.9750000000010886,6.2250000000010886,11.260555555556644,l,No,6.00-7.42
39,20250512194851,DelayCal,11.260555555556644,11.260555555556644,11.510555555556644,l,No,
39,20250512194851,20241208155753,11.260555555556644,11.510555555556644,16.54583333333442,l,No,9.50-12.25
39,20250513010558,DelayCal,16.54583333333442,16.54583333333442,16.79583333333442,u,No,
39,20250513010558,20250121085458,16.54583333333442,16.79583333333442,22.947777777778867,u,No,14.00-17.33
39,20250513073005,DelayCal,22.947777777778867,22.947777777778867,23.197777777778867,l,No,
39,20250513073005,20241120193350,22.947777777778867,23.197777777778867,0.47500000000108855,l,No,22.73-23.65
40,20250513090143,DelayCal,0.47500000000108855,0.47500000000108855,0.7250000000010886,l,No,
40,20250513090143,20241120193350,0.47500000000108855,0.7250000000010886,5.886944444445533,l,No,0.48-23.65
40,20250513142626,DelayCal,5.886944444445533,5.886944444445533,6.136944444445533,l,No,
40,20250513142626,20250110121622,5.886944444445533,6.136944444445533,12.173333333334423,l,No,6.00-9.75
40,20250513204337,DelayCal,12.173333333334423,12.173333333334423,12.423333333334423,l,No,
40,20250513204337,20250125155122,12.173333333334423,12.423333333334423,13.468888888889978,l,No,11.58-15.00
40,20250513220121,DelayCal,13.468888888889978,13.468888888889978,13.718888888889978,l,No,
40,20250513220121,20250125155122,13.468888888889978,13.718888888889978,14.764444444445534,l,No,11.58-15.00
40,20250513231905,DelayCal,14.764444444445534,14.764444444445534,15.014444444445534,l,Yes,
40,20250513231905,20250101225621,14.764444444445534,15.014444444445534,17.9311111111122,l,Yes,12.50-16.50
40,20250514022905,DelayCal,17.9311111111122,17.9311111111122,18.1811111111122,l,No,
40,20250514022905,20241120193350,17.9311111111122,18.1811111111122,23.343055555556646,l,No,0.48-23.65
40,20250514075348,DelayCal,23.343055555556646,23.343055555556646,23.593055555556646,l,No,
40,20250514075348,20241120193350,23.343055555556646,23.593055555556646,0.47500000000108855,l,No,0.48-23.65
41,20250514143143,DelayCal,5.9750000000010886,5.9750000000010886,6.2250000000010886,l,No,
41,20250514143143,20250110142832,5.9750000000010886,6.2250000000010886,12.261388888889979,l,No,6.00-9.75
41,20250514204854,DelayCal,12.261388888889979,12.261388888889979,12.511388888889979,u,No,
41,20250514204854,20241208222531,12.261388888889979,12.511388888889979,16.47250000000109,u,No,11.67-12.67
41,20250515010134,DelayCal,16.47250000000109,16.47250000000109,16.72250000000109,l,No,
41,20250515010134,20241216114915,16.47250000000109,16.72250000000109,23.097222222223312,l,No,15.50-17.50
42,20250515143903,DelayCal,6.097222222223312,6.097222222223312,6.347222222223312,l,No,
42,20250515143903,20250110142924,6.097222222223312,6.347222222223312,12.38388888888998,l,No,6.00-9.75
42,20250515205615,DelayCal,12.38388888888998,12.38388888888998,12.63388888888998,l,No,
42,20250515205615,20241121033022,12.38388888888998,12.63388888888998,20.462777777778868,l,No,11.67-13.42
42,20250516050059,DelayCal,20.462777777778868,20.462777777778868,20.712777777778868,l,No,
42,20250516050059,20241120160021,20.462777777778868,20.712777777778868,0.5741666666677574,l,No,20.55-21.50
43,20250516143740,DelayCal,6.074166666667757,6.074166666667757,6.324166666667757,l,No,
43,20250516143740,20241126070632,6.074166666667757,6.324166666667757,13.836944444445535,l,No,6.08-8.00
43,20250516222326,DelayCal,13.836944444445535,13.836944444445535,14.086944444445535,l,No,
43,20250516222326,20250108121124,13.836944444445535,14.086944444445535,16.13777777777887,l,No,12.00-14.50
43,20250517061129,DelayCal,21.63777777777887,21.63777777777887,21.88777777777887,l,No,
43,20250517061129,20250131123324,21.63777777777887,21.88777777777887,0.5741666666677574,l,No,21.58-22.42
44,20250517090740,DelayCal,0.5741666666677574,0.5741666666677574,0.8241666666677574,l,No,
44,20250517090740,20250131123324,0.5741666666677574,0.8241666666677574,5.719166666667758,l,No,0.57-22.42
44,20250517141622,DelayCal,5.719166666667758,5.719166666667758,5.969166666667758,l,No,
44,20250517141622,20250131123324,5.719166666667758,5.969166666667758,10.864166666667758,l,No,0.57-22.42
44,20250517192504,DelayCal,10.864166666667758,10.864166666667758,11.114166666667758,l,Yes,
44,20250517192504,20250224102616,10.864166666667758,11.114166666667758,14.792500000001091,l,Yes,8.50-11.42
44,20250517232046,DelayCal,14.792500000001091,14.792500000001091,15.042500000001091,l,Yes,
44,20250517232046,20250113170452,14.792500000001091,15.042500000001091,19.02277777777887,l,Yes,14.50-15.50
44,20250518033435,DelayCal,19.02277777777887,19.02277777777887,19.27277777777887,l,No,
44,20250518033435,20250131123324,19.02277777777887,19.27277777777887,0.16777777777886982,l,No,0.57-22.42
45,20250518144317,DelayCal,6.16777777777887,6.16777777777887,6.41777777777887,l,No,
45,20250518144317,20241126061105,6.16777777777887,6.41777777777887,12.467222222223313,l,No,6.08-9.42
45,20250518210115,DelayCal,12.467222222223313,12.467222222223313,12.717222222223313,u,No,
45,20250518210115,20241121033047,12.467222222223313,12.717222222223313,20.546666666667758,u,No,11.67-13.17
45,20250519063601,DelayCal,22.046666666667758,22.046666666667758,22.296666666667758,l,No,
45,20250519063601,20241203211146,22.046666666667758,22.296666666667758,0.6677777777788698,l,No,21.83-22.33
46,20250519091317,DelayCal,0.6677777777788698,0.6677777777788698,0.9177777777788698,l,No,
46,20250519091317,20241203211146,0.6677777777788698,0.9177777777788698,2.4391666666677576,l,No,0.67-22.33
46,20250519105934,DelayCal,2.4391666666677576,2.4391666666677576,2.6891666666677576,l,No,
46,20250519105934,20241203211146,2.4391666666677576,2.6891666666677576,4.210555555556645,l,No,0.67-22.33
46,20250519124551,DelayCal,4.210555555556645,4.210555555556645,4.460555555556645,l,No,
46,20250519124551,20241203211146,4.210555555556645,4.460555555556645,5.981944444445533,l,No,0.67-22.33
46,20250519143208,DelayCal,5.981944444445533,5.981944444445533,6.231944444445533,l,No,
46,20250519143208,20241203211146,5.981944444445533,6.231944444445533,7.753333333334421,l,No,0.67-22.33
46,20250519161825,DelayCal,7.753333333334421,7.753333333334421,8.003333333334421,l,Yes,
46,20250519161825,20250224102231,7.753333333334421,8.003333333334421,11.673888888889977,l,Yes,5.50-8.50
46,20250519201339,DelayCal,11.673888888889977,11.673888888889977,11.923888888889977,l,No,
46,20250519201339,20241208155652,11.673888888889977,11.923888888889977,16.971944444445533,l,No,9.50-12.25
46,20250520013132,DelayCal,16.971944444445533,16.971944444445533,17.221944444445533,l,No,
46,20250520013132,20241203211146,16.971944444445533,17.221944444445533,18.74333333333442,l,No,0.67-22.33
46,20250520031749,DelayCal,18.74333333333442,18.74333333333442,18.99333333333442,l,No,
46,20250520031749,20241203211146,18.74333333333442,18.99333333333442,20.514722222223305,l,No,0.67-22.33
46,20250520050406,DelayCal,20.514722222223305,20.514722222223305,20.764722222223305,l,No,
46,20250520050406,20241203211146,20.514722222223305,20.764722222223305,22.28611111111219,l,No,0.67-22.33
47,20250520145023,DelayCal,6.2861111111121915,6.2861111111121915,6.5361111111121915,l,No,
47,20250520145023,20241215125213,6.2861111111121915,6.5361111111121915,11.835833333334413,l,No,6.50-9.00
47,20250520202322,DelayCal,11.835833333334413,11.835833333334413,12.085833333334413,l,No,
47,20250520202322,20241202174433,11.835833333334413,12.085833333334413,17.123055555556636,l,No,9.50-12.25
48,20250521151036,DelayCal,6.623055555556636,6.623055555556636,6.873055555556636,l,No,
48,20250521151036,20250206212501,6.623055555556636,6.873055555556636,9.846944444445525,l,No,6.67-9.50
48,20250521182402,DelayCal,9.846944444445525,9.846944444445525,10.096944444445525,l,Yes,
48,20250521182402,20241216150457,9.846944444445525,10.096944444445525,18.64611111111219,l,Yes,8.17-10.33
49,20250522151159,DelayCal,6.646111111112191,6.646111111112191,6.896111111112191,l,No,
49,20250522151159,20241124192740,6.646111111112191,6.896111111112191,14.256944444445523,l,No,6.75-8.00
49,20250522224838,DelayCal,14.256944444445523,14.256944444445523,14.506944444445523,s,No,
49,20250522224838,20241211131141,14.256944444445523,14.506944444445523,18.70500000000108,s,No,12.00-14.83
50,20250523154531,DelayCal,7.205000000001078,7.205000000001078,7.455000000001078,l,No,
50,20250523154531,20241206084339,7.205000000001078,7.455000000001078,9.893333333334411,l,No,7.00-9.75
50,20250523182649,DelayCal,9.893333333334411,9.893333333334411,10.143333333334411,l,No,
50,20250523182649,20250217154805,9.893333333334411,10.143333333334411,14.385277777778855,l,No,8.50-11.25
50,20250523225620,DelayCal,14.385277777778855,14.385277777778855,14.635277777778855,l,No,
50,20250523225620,20241211125240,14.385277777778855,14.635277777778855,18.79333333333441,l,No,12.00-14.83
51,20250524152049,DelayCal,6.7933333333344095,6.7933333333344095,7.0433333333344095,l,No,
51,20250524152049,20241206084436,6.7933333333344095,7.0433333333344095,9.494722222223299,l,No,7.00-9.75
51,20250524180254,DelayCal,9.494722222223299,9.494722222223299,9.744722222223299,l,No,
51,20250524180254,20241206084436,9.494722222223299,9.744722222223299,12.196111111112188,l,No,7.00-9.75
51,20250524204459,DelayCal,12.196111111112188,12.196111111112188,12.446111111112188,l,No,
51,20250524204459,20241120202351,12.196111111112188,12.446111111112188,18.875000000001076,l,No,11.60-12.50
52,20250525162543,DelayCal,7.8750000000010765,7.8750000000010765,8.125000000001076,l,Yes,
52,20250525162543,20250224100033,7.8750000000010765,8.125000000001076,11.795555555556632,l,Yes,5.50-8.50
52,20250525202057,DelayCal,11.795555555556632,11.795555555556632,12.045555555556632,l,No,
52,20250525202057,20241208155925,11.795555555556632,12.045555555556632,17.087777777778854,l,No,9.50-12.25
53,20250526160829,DelayCal,7.587777777778854,7.587777777778854,7.837777777778854,u,No,
53,20250526160829,20241120090921,7.587777777778854,7.837777777778854,13.079444444445521,u,No,7.80-9.00
53,20250526213759,DelayCal,13.079444444445521,13.079444444445521,13.329444444445521,s,Yes,
53,20250526213759,20250305103213,13.079444444445521,13.329444444445521,19.63583333333441,s,Yes,11.75-13.50
54,20250527161122,DelayCal,7.635833333334411,7.635833333334411,7.885833333334411,u,No,
54,20250527161122,20241204150110,7.635833333334411,7.885833333334411,14.2697222222233,u,No,7.83-9.08
54,20250527224924,DelayCal,14.2697222222233,14.2697222222233,14.5197222222233,s,No,
54,20250527224924,20241211131447,14.2697222222233,14.5197222222233,18.71694444444552,s,No,12.00-14.83
55,20250528164614,DelayCal,8.21694444444552,8.21694444444552,8.46694444444552,l,Yes,
55,20250528164614,20250202231440,8.21694444444552,8.46694444444552,11.960000000001076,l,Yes,5.75-9.00
55,20250528203049,DelayCal,11.960000000001076,11.960000000001076,12.210000000001076,l,No,
55,20250528203049,20241208155849,11.960000000001076,12.210000000001076,17.256388888889965,l,No,9.50-12.25
56,20250529161836,DelayCal,7.7563888888899655,7.7563888888899655,8.006388888889965,l,Yes,
56,20250529161836,20241128161045,7.7563888888899655,8.006388888889965,11.69083333333441,l,Yes,6.13-8.67
56,20250529201440,DelayCal,11.69083333333441,11.69083333333441,11.94083333333441,l,Yes,
56,20250529201440,20241216114001,11.69083333333441,11.94083333333441,18.338888888889965,l,Yes,10.00-12.00
57,20250530162333,DelayCal,7.838888888889965,7.838888888889965,8.088888888889965,u,Yes,
57,20250530162333,20241126131527,7.838888888889965,8.088888888889965,15.368611111112187,u,Yes,6.67-9.17
57,20250530235520,DelayCal,15.368611111112187,15.368611111112187,15.618611111112187,l,No,
57,20250530235520,20241203212318,15.368611111112187,15.618611111112187,19.407777777778854,l,No,14.50-15.67
58,20250531162741,DelayCal,7.907777777778854,7.907777777778854,8.157777777778854,l,Yes,
58,20250531162741,20240710081521,7.907777777778854,8.157777777778854,14.466666666667743,l,Yes,6.80-8.75
58,20250531230113,DelayCal,14.466666666667743,14.466666666667743,14.716666666667743,l,Yes,
58,20250531230113,20250202235647,14.466666666667743,14.716666666667743,17.675277777778856,l,Yes,12.42-15.00
59,20250601164344,DelayCal,8.175277777778856,8.175277777778856,8.425277777778856,l,Yes,
59,20250601164344,20250224092032,8.175277777778856,8.425277777778856,12.115833333334411,l,Yes,7.00-8.92
59,20250601204010,DelayCal,12.115833333334411,12.115833333334411,12.365833333334411,u,Yes,
59,20250601204010,20250305102207,12.115833333334411,12.365833333334411,17.52333333333441,u,Yes,11.75-13.50
60,20250602163437,DelayCal,8.02333333333441,8.02333333333441,8.27333333333441,l,Yes,
60,20250602163437,20241208025456,8.02333333333441,8.27333333333441,14.375000000001076,l,Yes,7.00-8.50
60,20250602225543,DelayCal,14.375000000001076,14.375000000001076,14.625000000001076,l,No,
60,20250602225543,20241216115201,14.375000000001076,14.625000000001076,21.017777777778853,l,No,12.50-15.00
61,20250603163417,DelayCal,8.017777777778853,8.017777777778853,8.267777777778853,l,Yes,
61,20250603163417,20241208025350,8.017777777778853,8.267777777778853,14.371944444445521,l,Yes,7.00-8.50
61,20250603225532,DelayCal,14.371944444445521,14.371944444445521,14.621944444445521,u,No,
61,20250603225532,20241220155904,14.371944444445521,14.621944444445521,17.914166666667743,u,No,12.50-15.83
62,20250604162804,DelayCal,7.914166666667743,7.914166666667743,8.164166666667743,l,Yes,
62,20250604162804,20241208025129,7.914166666667743,8.164166666667743,14.268333333334411,l,Yes,7.00-8.50
62,20250604231919,DelayCal,14.768333333334411,14.768333333334411,15.018333333334411,l,Yes,
62,20250604231919,20241120175838,14.768333333334411,15.018333333334411,18.63861111111219,l,Yes,14.67-23.33
63,20250605164132,DelayCal,8.13861111111219,8.13861111111219,8.38861111111219,l,Yes,
63,20250605164132,20241208024330,8.13861111111219,8.38861111111219,14.499444444445523,l,Yes,7.00-8.50
63,20250605230311,DelayCal,14.499444444445523,14.499444444445523,14.749444444445523,l,Yes,
63,20250605230311,20241124054231,14.499444444445523,14.749444444445523,18.369722222223302,l,Yes,14.67-23.33
64,20250606162524,DelayCal,7.869722222223302,7.869722222223302,8.119722222223302,l,Yes,
64,20250606162524,20241207210517,7.869722222223302,8.119722222223302,14.219722222223302,l,Yes,7.00-8.50
64,20250606224624,DelayCal,14.219722222223302,14.219722222223302,14.469722222223302,u,No,
64,20250606224624,20250108121127,14.219722222223302,14.469722222223302,16.522222222223302,u,No,12.00-14.50
65,20250607163433,DelayCal,8.022222222223302,8.022222222223302,8.272222222223302,l,Yes,
65,20250607163433,20241208025025,8.022222222223302,8.272222222223302,14.382777777778859,l,Yes,7.00-8.50
65,20250607232611,DelayCal,14.882777777778859,14.882777777778859,15.132777777778859,l,Yes,
65,20250607232611,20250110193901,14.882777777778859,15.132777777778859,18.75388888888997,l,Yes,14.67-23.33
66,20250608161827,DelayCal,7.753888888889971,7.753888888889971,8.003888888889971,u,Yes,
66,20250608161827,20241127152017,7.753888888889971,8.003888888889971,13.41138888888997,u,Yes,8.00-9.00
66,20250608215754,DelayCal,13.41138888888997,13.41138888888997,13.66138888888997,l,No,
66,20250608215754,20241208165301,13.41138888888997,13.66138888888997,16.276111111112193,l,No,12.75-14.00
67,20250609161947,DelayCal,7.776111111112193,7.776111111112193,8.026111111112193,l,Yes,
67,20250609161947,20250113171301,7.776111111112193,8.026111111112193,15.852500000001083,l,Yes,8.00-9.00
68,20250610162422,DelayCal,7.852500000001083,7.852500000001083,8.102500000001083,l,No,
68,20250610162422,20241124200225,7.852500000001083,8.102500000001083,15.407777777778861,l,No,8.00-9.17
68,20250610235741,DelayCal,15.407777777778861,15.407777777778861,15.657777777778861,s,No,
68,20250610235741,20241210172636,15.407777777778861,15.657777777778861,17.19027777777886,s,No,14.83-15.67
69,20250611164438,DelayCal,8.19027777777886,8.19027777777886,8.44027777777886,l,No,
69,20250611164438,20241124194341,8.19027777777886,8.44027777777886,15.796944444445526,l,No,8.00-9.00
70,20250612165102,DelayCal,8.296944444445526,8.296944444445526,8.546944444445526,l,No,
70,20250612165102,20241124195321,8.296944444445526,8.546944444445526,15.855555555556638,l,No,8.17-9.08
71,20250613165433,DelayCal,8.355555555556638,8.355555555556638,8.605555555556638,l,No,
71,20250613165433,20241208153645,8.355555555556638,8.605555555556638,13.653333333334416,l,No,8.25-9.67
71,20250613221225,DelayCal,13.653333333334416,13.653333333334416,13.903333333334416,l,Yes,
71,20250613221225,20250115113702,13.653333333334416,13.903333333334416,17.888888888889973,l,Yes,13.00-14.00
72,20250614165633,DelayCal,8.388888888889973,8.388888888889973,8.638888888889973,l,No,
72,20250614165633,20241208153533,8.388888888889973,8.638888888889973,13.680833333334418,l,No,8.25-9.67
72,20250614231404,DelayCal,14.680833333334418,14.680833333334418,14.930833333334418,s,No,
72,20250614231404,20241210163009,14.680833333334418,14.930833333334418,16.460277777778863,s,No,14.83-15.67
73,20250615170050,DelayCal,8.460277777778863,8.460277777778863,8.710277777778863,l,No,
73,20250615170050,20241208153131,8.460277777778863,8.710277777778863,13.758055555556641,l,No,8.25-9.67
73,20250615231842,DelayCal,14.758055555556641,14.758055555556641,15.008055555556641,s,No,
73,20250615231842,20241210170955,14.758055555556641,15.008055555556641,16.538055555556642,s,No,14.83-15.67
74,20250616163530,DelayCal,8.038055555556642,8.038055555556642,8.288055555556642,l,No,
74,20250616163530,20241202190446,8.038055555556642,8.288055555556642,13.334166666667754,l,No,8.25-9.67
74,20250616232316,DelayCal,14.834166666667754,14.834166666667754,15.084166666667754,s,No,
74,20250616232316,20241210171905,14.834166666667754,15.084166666667754,16.6136111111122,s,No,14.83-15.67
75,20250617164002,DelayCal,8.1136111111122,8.1136111111122,8.3636111111122,l,No,
75,20250617164002,20241208153306,8.1136111111122,8.3636111111122,13.406944444445532,l,No,8.25-9.67
75,20250617232738,DelayCal,14.906944444445532,14.906944444445532,15.156944444445532,s,No,
75,20250617232738,20241210174404,14.906944444445532,15.156944444445532,16.655277777778867,s,No,14.83-15.67
76,20250618171232,DelayCal,8.655277777778867,8.655277777778867,8.905277777778867,l,Yes,
76,20250618171232,20250115113658,8.655277777778867,8.905277777778867,12.894722222223312,l,Yes,8.50-9.50
76,20250618212654,DelayCal,12.894722222223312,12.894722222223312,13.144722222223312,l,Yes,
76,20250618212654,20240701211503,12.894722222223312,13.144722222223312,17.98500000000109,l,Yes,12.00-14.00
77,20250619170219,DelayCal,8.48500000000109,8.48500000000109,8.73500000000109,l,Yes,
77,20250619170219,20250131070953,8.48500000000109,8.73500000000109,13.492222222223312,l,Yes,8.50-9.00
77,20250619233245,DelayCal,14.992222222223312,14.992222222223312,15.242222222223312,s,No,
77,20250619233245,20241210174457,14.992222222223312,15.242222222223312,16.773888888889978,s,No,14.83-15.67
78,20250620171939,DelayCal,8.773888888889978,8.773888888889978,9.023888888889978,l,Yes,
78,20250620171939,20250113171444,8.773888888889978,9.023888888889978,13.0211111111122,l,Yes,9.00-10.00
78,20250620213429,DelayCal,13.0211111111122,13.0211111111122,13.2711111111122,l,No,
78,20250620213429,20250217161855,13.0211111111122,13.2711111111122,17.932500000001088,l,No,12.00-13.50
79,20250621172910,DelayCal,8.932500000001088,8.932500000001088,9.182500000001088,l,No,
79,20250621172910,20250206204340,8.932500000001088,9.182500000001088,12.229444444445532,l,No,9.00-11.50
79,20250621204659,DelayCal,12.229444444445532,12.229444444445532,12.479444444445532,l,Yes,
79,20250621204659,20250226075829,12.229444444445532,12.479444444445532,17.31472222222331,l,Yes,12.00-14.00
80,20250622172206,DelayCal,8.81472222222331,8.81472222222331,9.06472222222331,u,No,
80,20250622172206,20250108121132,8.81472222222331,9.06472222222331,10.876111111112198,u,No,9.00-10.50
80,20250622192547,DelayCal,10.876111111112198,10.876111111112198,11.126111111112198,u,No,
80,20250622192547,20241226212341,10.876111111112198,11.126111111112198,15.784722222223309,u,No,11.00-12.00
81,20250623172018,DelayCal,8.784722222223309,8.784722222223309,9.034722222223309,l,Yes,
81,20250623172018,20241202072701,8.784722222223309,9.034722222223309,13.792222222223309,l,Yes,9.00-9.75
81,20250623232045,DelayCal,14.792222222223309,14.792222222223309,15.042222222223309,s,No,
81,20250623232045,20241210174617,14.792222222223309,15.042222222223309,16.573611111112196,s,No,14.83-15.67
82,20250624173738,DelayCal,9.073611111112196,9.073611111112196,9.323611111112196,l,No,
82,20250624173738,20241215134449,9.073611111112196,9.323611111112196,14.88055555555664,l,No,9.00-11.00
82,20250624232603,DelayCal,14.88055555555664,14.88055555555664,15.13055555555664,s,No,
82,20250624232603,20241210174808,14.88055555555664,15.13055555555664,16.62916666666775,s,No,14.83-15.67
83,20250625174058,DelayCal,9.12916666666775,9.12916666666775,9.37916666666775,l,No,
83,20250625174058,20241215132435,9.12916666666775,9.37916666666775,14.697222222223306,l,No,9.25-10.50
83,20250625231503,DelayCal,14.697222222223306,14.697222222223306,14.947222222223306,s,No,
83,20250625231503,20241210174905,14.697222222223306,14.947222222223306,16.445833333334416,s,No,14.83-15.67
84,20250626175958,DelayCal,9.445833333334416,9.445833333334416,9.695833333334416,l,Yes,
84,20250626175958,20241210082308,9.445833333334416,9.695833333334416,15.995000000001083,l,Yes,9.50-10.17
85,20250627180255,DelayCal,9.495000000001085,9.495000000001085,9.745000000001085,l,No,
85,20250627180255,20241124214839,9.495000000001085,9.745000000001085,17.20944444444553,l,No,9.50-12.00
86,20250628181547,DelayCal,9.70944444444553,9.70944444444553,9.95944444444553,l,Yes,
86,20250628181547,20241202072704,9.70944444444553,9.95944444444553,14.716666666667752,l,Yes,9.75-10.75
86,20250628231613,DelayCal,14.716666666667752,14.716666666667752,14.966666666667752,s,No,
86,20250628231613,20241210175010,14.716666666667752,14.966666666667752,16.465277777778862,s,No,14.83-15.67
87,20250629183108,DelayCal,9.965277777778862,9.965277777778862,10.215277777778862,l,No,
87,20250629183108,20241129194830,9.965277777778862,10.215277777778862,16.10555555555664,l,No,9.92-10.58
88,20250630183933,DelayCal,10.105555555556641,10.105555555556641,10.355555555556641,l,No,
88,20250630183933,20241129190611,10.105555555556641,10.355555555556641,16.24305555555664,l,No,9.92-10.67
89,20250701181748,DelayCal,9.74305555555664,9.74305555555664,9.99305555555664,l,No,
89,20250701181748,20241129194819,9.74305555555664,9.99305555555664,15.883055555556641,l,No,9.92-10.58
90,20250702182612,DelayCal,9.883055555556641,9.883055555556641,10.133055555556641,l,No,
90,20250702182612,20241129200037,9.883055555556641,10.133055555556641,16.021388888889973,l,No,9.92-10.75
91,20250703183430,DelayCal,10.021388888889973,10.021388888889973,10.271388888889973,l,No,
91,20250703183430,20250108111702,10.021388888889973,10.271388888889973,12.099722222223306,l,No,10.00-11.00
91,20250703203912,DelayCal,12.099722222223306,12.099722222223306,12.349722222223306,l,Yes,
91,20250703203912,20250226075706,12.099722222223306,12.349722222223306,17.185000000001082,l,Yes,12.00-14.00
92,20250704194419,DelayCal,11.185000000001082,11.185000000001082,11.435000000001082,l,Yes,
92,20250704194419,20250113171452,11.185000000001082,11.435000000001082,15.375833333334416,l,Yes,11.00-12.00
92,20250704235546,DelayCal,15.375833333334416,15.375833333334416,15.625833333334416,s,No,
92,20250704235546,20241210172144,15.375833333334416,15.625833333334416,17.157500000001082,s,No,14.83-15.67
93,20250705194240,DelayCal,11.157500000001082,11.157500000001082,11.407500000001082,l,Yes,
93,20250705194240,20241122100838,11.157500000001082,11.407500000001082,19.18527777777886,l,Yes,11.18-12.50
94,20250706194420,DelayCal,11.185277777778861,11.185277777778861,11.435277777778861,l,Yes,
94,20250706194420,20241209110223,11.185277777778861,11.435277777778861,19.21888888888997,l,Yes,11.18-12.50
95,20250707194621,DelayCal,11.218888888889971,11.218888888889971,11.468888888889971,l,Yes,
95,20250707194621,20241209110422,11.218888888889971,11.468888888889971,19.797500000001083,l,Yes,11.18-12.00
96,20250708195104,DelayCal,11.297500000001083,11.297500000001083,11.547500000001083,l,No,
96,20250708195104,20241203211816,11.297500000001083,11.547500000001083,15.341111111112195,l,No,11.25-12.25
96,20250708235341,DelayCal,15.341111111112195,15.341111111112195,15.591111111112195,s,No,
96,20250708235341,20241210172314,15.341111111112195,15.591111111112195,17.12138888888997,s,No,14.83-15.67
97,20250709204030,DelayCal,12.121388888889971,12.121388888889971,12.371388888889971,l,Yes,
97,20250709204030,20250226075903,12.121388888889971,12.371388888889971,17.20666666666775,l,Yes,12.00-14.00
98,20250710204537,DelayCal,12.20666666666775,12.20666666666775,12.45666666666775,l,Yes,
98,20250710204537,20250226075925,12.20666666666775,12.45666666666775,17.291944444445527,l,Yes,12.00-14.00
99,20250711202044,DelayCal,11.791944444445527,11.791944444445527,12.041944444445527,l,No,
99,20250711202044,20250217153229,11.791944444445527,12.041944444445527,16.685833333334415,l,No,12.00-13.50
100,20250712204422,DelayCal,12.185833333334415,12.185833333334415,12.435833333334415,l,Yes,
100,20250712204422,20241204160925,12.185833333334415,12.435833333334415,16.42000000000108,l,Yes,12.00-12.75
101,20250713202825,DelayCal,11.920000000001082,11.920000000001082,12.170000000001082,l,No,
101,20250713202825,20250217160711,11.920000000001082,12.170000000001082,16.809444444445525,l,No,12.00-13.50
102,20250714205147,DelayCal,12.309444444445525,12.309444444445525,12.559444444445525,s,No,
102,20250714205147,20241217174604,12.309444444445525,12.559444444445525,15.459166666667747,s,No,12.42-12.75
103,20250715210046,DelayCal,12.459166666667748,12.459166666667748,12.709166666667748,l,No,
103,20250715210046,20250209062337,12.459166666667748,12.709166666667748,15.609166666667749,l,No,12.42-12.75
104,20250716210946,DelayCal,12.609166666667747,12.609166666667747,12.859166666667747,l,No,
104,20250716210946,20241120205715,12.609166666667747,12.859166666667747,19.322222222223303,l,No,12.57-13.23
105,20250717205233,DelayCal,12.322222222223303,12.322222222223303,12.572222222223303,s,No,
105,20250717205233,20241217174207,12.322222222223303,12.572222222223303,15.471944444445525,s,No,12.42-12.75
106,20250718210132,DelayCal,12.471944444445526,12.471944444445526,12.721944444445526,l,No,
106,20250718210132,20241217174043,12.471944444445526,12.721944444445526,15.622500000001082,l,No,12.42-12.75
